Item,Item Description,Planner,Order Type,Order#,Ln#,Ordered Date,Line Creation Date,Line Update Date,Request Date,Schedule Date,Promise Date,Open Qty,Price,Extended Price,Item Cost ,Material Cost,Material OH Cost,Resource Cost,Overhead Cost,OSP Cost,Customer Name,Address Line 1,Address Line 2,Address Line 3,Address Line 4
YT01788-804,S6 RADIATOR YTF 106 XP CR VCI - FINAL ASSEMBLY,3,YTS-DOMESTIC,561506,1,18-JUN-20,21-AUG-20,21-AUG-20,21-AUG-20,21-AUG-20,21-AUG-20,1,"2,615.00","2,615.00","1,538.42",660.89,,180.07,697.45,,PROGRESS RAIL LOCOMOTIVE INC.,PROGRESS RAIL PARTS DC,16101 S. OUTER ROAD,"Belton,MO 64012 - US",
YT01788-804,S6 RADIATOR YTF 106 XP CR VCI - FINAL ASSEMBLY,3,YTS-DOMESTIC,561506,1,18-JUN-20,21-AUG-20,21-AUG-20,21-AUG-20,21-AUG-20,21-AUG-20,1,"2,615.00","2,615.00","1,538.42",660.89,,180.07,697.45,,PROGRESS RAIL LOCOMOTIVE INC.,PROGRESS RAIL PARTS DC,16101 S. OUTER ROAD,"Belton,MO 64012 - US",
YT01788-804,S6 RADIATOR YTF 106 XP CR VCI - FINAL ASSEMBLY,3,YTS-DOMESTIC,561506,1,18-JUN-20,21-AUG-20,21-AUG-20,21-AUG-20,21-AUG-20,21-AUG-20,1,"2,615.00","2,615.00","1,538.42",660.89,,180.07,697.45,,PROGRESS RAIL LOCOMOTIVE INC.,PROGRESS RAIL PARTS DC,16101 S. OUTER ROAD,"Belton,MO 64012 - US",
YT01788-804,S6 RADIATOR YTF 106 XP CR VCI - FINAL ASSEMBLY,3,YTS-DOMESTIC,561506,1,18-JUN-20,21-AUG-20,21-AUG-20,21-AUG-20,21-AUG-20,21-AUG-20,1,"2,615.00","2,615.00","1,538.42",660.89,,180.07,697.45,,PROGRESS RAIL LOCOMOTIVE INC.,PROGRESS RAIL PARTS DC,16101 S. OUTER ROAD,"Belton,MO 64012 - US",
YT01788-804,S6 RADIATOR YTF 106 XP CR VCI - FINAL ASSEMBLY,3,YTS-DOMESTIC,561506,1,18-JUN-20,21-AUG-20,21-AUG-20,21-AUG-20,21-AUG-20,21-AUG-20,1,"2,615.00","2,615.00","1,538.42",660.89,,180.07,697.45,,PROGRESS RAIL LOCOMOTIVE INC.,PROGRESS RAIL PARTS DC,16101 S. OUTER ROAD,"Belton,MO 64012 - US",
YT01788-804,S6 RADIATOR YTF 106 XP CR VCI - FINAL ASSEMBLY,3,YTS-DOMESTIC,561506,1,18-JUN-20,18-JUN-20,21-AUG-20,21-AUG-20,21-AUG-20,21-AUG-20,1,"2,615.00","2,615.00","1,538.42",660.89,,180.07,697.45,,PROGRESS RAIL LOCOMOTIVE INC.,PROGRESS RAIL PARTS DC,16101 S. OUTER ROAD,"Belton,MO 64012 - US",
YT02190-806,D6 RADIATOR YTF 106 PAL CB BOX - FINAL ASSEMBLY,3,YTS-INTERNAL,110655,1,28-JUL-20,28-JUL-20,07-AUG-20,11-SEP-20,18-SEP-20,18-SEP-20,6,"1,868.38","11,210.27","1,868.38",978.58,,182.88,706.92,,WABCO-KANSAS CITY SERVICE CENTER,4800 DERAMUS,(JAX),"KANSAS CITY,MO 64120 - US",
YT02190-806,D6 RADIATOR YTF 106 PAL CB BOX - FINAL ASSEMBLY,3,YTS-INTERNAL,110649,1,22-JUL-20,22-JUL-20,28-JUL-20,22-JUL-20,09-OCT-20,09-OCT-20,10,"1,868.38","18,683.78","1,868.38",978.58,,182.88,706.92,,WABCO-KANSAS CITY SERVICE CENTER,4800 DERAMUS,(JAX),"KANSAS CITY,MO 64120 - US",
YT02192-806,T6 RADIATOR YTF 106 PAL CB BOX - FINAL ASSEMBLY,3,YTS-INTERNAL,110649,2,22-JUL-20,22-JUL-20,23-JUL-20,22-JUL-20,09-OCT-20,09-OCT-20,6,"2,471.68","14,830.09","2,471.68","1,451.96",,211.20,808.52,,WABCO-KANSAS CITY SERVICE CENTER,4800 DERAMUS,(JAX),"KANSAS CITY,MO 64120 - US",
YT02548-800,CORE SIDES YTF 105 YTF 104 STD PALLET,3,YTS-INTERNAL,110630,1,08-JUL-20,08-JUL-20,09-JUL-20,08-JUL-20,11-SEP-20,11-SEP-20,6,"4,837.34","29,024.06","4,837.34","2,948.45",,394.73,"1,494.16",,WABCO-KANSAS CITY SERVICE CENTER,4800 DERAMUS,(JAX),"KANSAS CITY,MO 64120 - US",
YT02754,"ELBOW, 3/8"" NPT",PI,YTS-INTERNATIONAL,561476,1,16-JUN-20,16-JUN-20,16-JUN-20,22-OCT-20,28-AUG-20,28-AUG-20,65,1.55,100.75,1.21,1.21,,,,,WABTEC BRASIL FABRICA플O E MANUTEN플O DE EQUIPAMENTOS LTDA.,AV. GENERAL DAVID SARNOFF,"CIDADE INDUSTRIAL, 4600","CONTAGEM/MG, 32210-110 - BR",
YT02758,CORE TO TANK FLEX CONNECT - GE/TCS,HO,YTS-DOMESTIC,561394,1,08-JUN-20,08-JUN-20,23-JUL-20,02-OCT-20,25-SEP-20,25-SEP-20,83,68.00,"5,644.00",27.60,27.60,,,,,"WABTEC TRANSPORTATION SYSTEMS, LLC",6300 MUIRFIELD DRIVE,"HANOVER PARK,IL 60133-5462 - US",,
YT02758,CORE TO TANK FLEX CONNECT - GE/TCS,HO,YTS-DOMESTIC,561709,1,17-JUL-20,17-JUL-20,17-JUL-20,30-OCT-20,23-OCT-20,23-OCT-20,76,68.00,"5,168.00",27.60,27.60,,,,,"WABTEC TRANSPORTATION SYSTEMS, LLC",6300 MUIRFIELD DRIVE,"HANOVER PARK,IL 60133-5462 - US",,
YT03000,"HANGER, CONDUIT 1/2 HVY",FS,YTS-INTERNATIONAL,561525,1,22-JUN-20,22-JUN-20,22-JUN-20,22-OCT-20,28-AUG-20,28-AUG-20,250,0.45,112.50,0.35,0.35,,,,,WABTEC BRASIL FABRICA플O E MANUTEN플O DE EQUIPAMENTOS LTDA.,AV. GENERAL DAVID SARNOFF,"CIDADE INDUSTRIAL, 4600","CONTAGEM/MG, 32210-110 - BR",
YT03000,"HANGER, CONDUIT 1/2 HVY",FS,YTS-INTERNATIONAL,559686,1,09-JAN-20,09-JAN-20,12-MAY-20,22-OCT-20,28-AUG-20,28-AUG-20,4,0.45,1.80,0.35,0.35,,,,,WABTEC BRASIL FABRICA플O E MANUTEN플O DE EQUIPAMENTOS LTDA.,AV. GENERAL DAVID SARNOFF,"CIDADE INDUSTRIAL, 4600","CONTAGEM/MG, 32210-110 - BR",
YT03009,"WARNING LABEL(ADHESIVE) - G.E., T.C.S.",ID,YTS-INTERNATIONAL,561478,1,16-JUN-20,16-JUN-20,01-JUL-20,22-OCT-20,28-AUG-20,28-AUG-20,330,0.47,155.10,0.24,0.24,,,,,WABTEC BRASIL FABRICA플O E MANUTEN플O DE EQUIPAMENTOS LTDA.,AV. GENERAL DAVID SARNOFF,"CIDADE INDUSTRIAL, 4600","CONTAGEM/MG, 32210-110 - BR",
YT04355-816,BANK SPACER 11.75 55.63 16G TCS,SV,YTS-INTERNATIONAL,561914,1,13-AUG-20,13-AUG-20,18-AUG-20,17-DEC-20,16-OCT-20,16-OCT-20,5,18.14,90.70,14.16,7.20,,1.37,5.58,,WABTEC BRASIL FABRICA플O E MANUTEN플O DE EQUIPAMENTOS LTDA.,AV. GENERAL DAVID SARNOFF,"CIDADE INDUSTRIAL, 4600","CONTAGEM/MG, 32210-110 - BR",
YT04359,FLEX CONN. CORE/CORE - IMPROVED TCS,HO,YTS-DOMESTIC,561351,1,01-JUN-20,01-JUN-20,15-JUN-20,17-SEP-20,10-SEP-20,10-SEP-20,29,72.00,"2,088.00",34.60,34.60,,,,,"WABTEC TRANSPORTATION SYSTEMS, LLC",6300 MUIRFIELD DRIVE,"HANOVER PARK,IL 60133-5462 - US",,
YT04359,FLEX CONN. CORE/CORE - IMPROVED TCS,HO,YTS-DOMESTIC,561454,1,12-JUN-20,12-JUN-20,15-JUN-20,01-OCT-20,24-SEP-20,24-SEP-20,26,72.00,"1,872.00",34.60,34.60,,,,,"WABTEC TRANSPORTATION SYSTEMS, LLC",6300 MUIRFIELD DRIVE,"HANOVER PARK,IL 60133-5462 - US",,
YT04359,FLEX CONN. CORE/CORE - IMPROVED TCS,HO,YTS-DOMESTIC,561612,1,02-JUL-20,02-JUL-20,07-JUL-20,22-OCT-20,16-OCT-20,16-OCT-20,33,72.00,"2,376.00",34.60,34.60,,,,,"WABTEC TRANSPORTATION SYSTEMS, LLC",6300 MUIRFIELD DRIVE,"HANOVER PARK,IL 60133-5462 - US",,
YT04359,FLEX CONN. CORE/CORE - IMPROVED TCS,HO,YTS-DOMESTIC,561772,1,24-JUL-20,24-JUL-20,24-JUL-20,12-NOV-20,06-NOV-20,06-NOV-20,14,72.00,"1,008.00",34.60,34.60,,,,,"WABTEC TRANSPORTATION SYSTEMS, LLC",6300 MUIRFIELD DRIVE,"HANOVER PARK,IL 60133-5462 - US",,
YT04359,FLEX CONN. CORE/CORE - IMPROVED TCS,HO,YTS-DOMESTIC,561852,1,04-AUG-20,04-AUG-20,04-AUG-20,24-NOV-20,20-NOV-20,20-NOV-20,1,72.00,72.00,34.60,34.60,,,,,"WABTEC TRANSPORTATION SYSTEMS, LLC",6300 MUIRFIELD DRIVE,"HANOVER PARK,IL 60133-5462 - US",,
YT04360,FLEX CONN. CORE/TANK - IMPROVED TCS,HO,YTS-INTERNATIONAL,560965,1,27-APR-20,27-APR-20,29-JUL-20,22-JAN-21,13-NOV-20,13-NOV-20,4,36.72,146.88,28.65,28.65,,,,,WABTEC BRASIL FABRICA플O E MANUTEN플O DE EQUIPAMENTOS LTDA.,AV. GENERAL DAVID SARNOFF,"CIDADE INDUSTRIAL, 4600","CONTAGEM/MG, 32210-110 - BR",
YT04906-089.50,O-RING .188 VITON,DU,YTS-PARTS-DOMESTIC,561944,1,18-AUG-20,18-AUG-20,20-AUG-20,01-SEP-20,01-SEP-20,01-SEP-20,12,41.00,492.00,8.67,8.67,,,,,CATERPILLAR INC,CLAYTON OHIO INBOUND PROCESSING CTR,6611 HOKE ROAD,"Clayton,OH 45315 - US",
YT310156-931,CORE LFR AXB 106 - 30.000 55.375 4PK CORR/PALL,3,YTS-DOMESTIC,561566,1,26-JUN-20,26-JUN-20,30-JUN-20,28-SEP-20,21-SEP-20,21-SEP-20,100,"4,092.00","409,200.00","2,003.58",984.86,,211.39,807.33,,PROGRESS RAIL LOCOMOTIVE INC.,PROGRESS RAIL PARTS DC,16101 S. OUTER ROAD,"Belton,MO 64012 - US",
YT327909-911,LFR AXB108 73.75 - 72.63 1PK CRATE AMTRAK GE,3,YTS-DOMESTIC,561378,1,04-JUN-20,04-JUN-20,15-JUN-20,28-JUL-20,28-AUG-20,28-AUG-20,2,"9,831.00","19,662.00","8,278.57","5,023.75",,681.43,"2,573.39",,"WABTEC TRANSPORTATION SYSTEMS, LLC",6300 MUIRFIELD DRIVE,"HANOVER PARK,IL 60133-5462 - US",,
YT327909-911,LFR AXB108 73.75 - 72.63 1PK CRATE AMTRAK GE,3,YTS-DOMESTIC,561348,1,01-JUN-20,01-JUN-20,01-JUL-20,31-AUG-20,28-AUG-20,28-AUG-20,2,"9,831.00","19,662.00","8,278.57","5,023.75",,681.43,"2,573.39",,"WABTEC TRANSPORTATION SYSTEMS, LLC",6300 MUIRFIELD DRIVE,"HANOVER PARK,IL 60133-5462 - US",,
YT327909-911,LFR AXB108 73.75 - 72.63 1PK CRATE AMTRAK GE,3,YTS-DOMESTIC,561432,1,10-JUN-20,10-JUN-20,01-JUL-20,31-AUG-20,28-AUG-20,28-AUG-20,1,"9,831.00","9,831.00","8,278.57","5,023.75",,681.43,"2,573.39",,"WABTEC TRANSPORTATION SYSTEMS, LLC",6300 MUIRFIELD DRIVE,"HANOVER PARK,IL 60133-5462 - US",,
YT327909-911,LFR AXB108 73.75 - 72.63 1PK CRATE AMTRAK GE,3,YTS-DOMESTIC,561200,1,18-MAY-20,18-MAY-20,24-JUL-20,06-NOV-20,25-SEP-20,25-SEP-20,1,"9,831.00","9,831.00","8,278.57","5,023.75",,681.43,"2,573.39",,"WABTEC TRANSPORTATION SYSTEMS, LLC",6300 MUIRFIELD DRIVE,"HANOVER PARK,IL 60133-5462 - US",,
YT335889-810,LFR AXB108 BANK RH EMD 40055043 XP PAL/PLY,3,YTS-DOMESTIC,561738,1,06-AUG-20,21-JUL-20,06-AUG-20,16-OCT-20,09-OCT-20,09-OCT-20,1,"13,080.00","15,619.00","10,934.92","7,604.32",,668.90,"2,661.71",,PROGRESS RAIL LOCOMOTIVE INC.,PROGRESS RAIL PARTS DC,16101 S. OUTER ROAD,"Belton,MO 64012 - US",
YT340670-803,LFR AXB106 RH BANK XP CRATE - FINAL ASSEMBLY,3,YTS-DOMESTIC,560249,1,07-AUG-20,25-FEB-20,20-AUG-20,25-SEP-20,18-SEP-20,18-SEP-20,4,"4,706.00","21,280.00","4,404.01","2,785.58",,333.95,"1,284.47",,PROGRESS RAIL LOCOMOTIVE INC.,PROGRESS RAIL PARTS DC,16101 S. OUTER ROAD,"Belton,MO 64012 - US",
YT340671-803,LFR AXB106 LH BANK XP CRATE - FINAL ASSEMBLY,3,YTS-DOMESTIC,560250,1,07-AUG-20,25-FEB-20,20-AUG-20,28-SEP-20,21-SEP-20,21-SEP-20,6,"4,706.00","31,920.00","4,404.01","2,785.58",,333.95,"1,284.47",,PROGRESS RAIL LOCOMOTIVE INC.,PROGRESS RAIL PARTS DC,16101 S. OUTER ROAD,"Belton,MO 64012 - US",
YT344444-810,LFR AXB106 BANK XP PAL/PLY - FINAL ASSEMBLY10636036,3,YTS-DOMESTIC,560272,1,07-AUG-20,25-FEB-20,07-AUG-20,02-OCT-20,25-SEP-20,25-SEP-20,1,"9,995.00","9,995.00","4,751.44","3,135.35",,333.58,"1,282.52",,PROGRESS RAIL LOCOMOTIVE INC.,PROGRESS RAIL PARTS DC,16101 S. OUTER ROAD,"Belton,MO 64012 - US",
YT344444-810,LFR AXB106 BANK XP PAL/PLY - FINAL ASSEMBLY10636036,3,YTS-DOMESTIC,561484,1,06-AUG-20,16-JUN-20,06-AUG-20,02-OCT-20,25-SEP-20,25-SEP-20,2,"9,995.00","19,990.00","4,751.44","3,135.35",,333.58,"1,282.52",,PROGRESS RAIL LOCOMOTIVE INC.,PROGRESS RAIL PARTS DC,16101 S. OUTER ROAD,"Belton,MO 64012 - US",
YT344444-810,LFR AXB106 BANK XP PAL/PLY - FINAL ASSEMBLY10636036,3,YTS-DOMESTIC,560271,1,10-JUN-20,25-FEB-20,21-JUL-20,29-JAN-20,25-SEP-20,25-SEP-20,1,"9,995.00","9,995.00","4,751.44","3,135.35",,333.58,"1,282.52",,PROGRESS RAIL LOCOMOTIVE INC.,PROGRESS RAIL PARTS DC,16101 S. OUTER ROAD,"Belton,MO 64012 - US",
YT344445-810,LFR AXB106 BANK XP PAL/PLY - FINAL ASSEMBLY 10636037,3,YTS-DOMESTIC,560273,1,07-AUG-20,25-FEB-20,07-AUG-20,02-OCT-20,25-SEP-20,25-SEP-20,1,"9,995.00","9,995.00","4,747.52","3,135.35",,332.62,"1,279.54",,PROGRESS RAIL LOCOMOTIVE INC.,PROGRESS RAIL PARTS DC,16101 S. OUTER ROAD,"Belton,MO 64012 - US",
YT344445-810,LFR AXB106 BANK XP PAL/PLY - FINAL ASSEMBLY 10636037,3,YTS-DOMESTIC,560274,1,07-AUG-20,25-FEB-20,07-AUG-20,22-APR-20,25-SEP-20,25-SEP-20,1,"9,995.00","9,995.00","4,747.52","3,135.35",,332.62,"1,279.54",,PROGRESS RAIL LOCOMOTIVE INC.,PROGRESS RAIL PARTS DC,16101 S. OUTER ROAD,"Belton,MO 64012 - US",
YT344445-810,LFR AXB106 BANK XP PAL/PLY - FINAL ASSEMBLY 10636037,3,YTS-DOMESTIC,561417,1,06-AUG-20,09-JUN-20,06-AUG-20,02-OCT-20,25-SEP-20,25-SEP-20,1,"9,995.00","9,995.00","4,747.52","3,135.35",,332.62,"1,279.54",,PROGRESS RAIL LOCOMOTIVE INC.,PROGRESS RAIL PARTS DC,16101 S. OUTER ROAD,"Belton,MO 64012 - US",
YT344445-810,LFR AXB106 BANK XP PAL/PLY - FINAL ASSEMBLY 10636037,3,YTS-DOMESTIC,561416,1,06-AUG-20,09-JUN-20,06-AUG-20,04-SEP-20,25-SEP-20,25-SEP-20,1,"9,995.00","9,995.00","4,747.52","3,135.35",,332.62,"1,279.54",,PROGRESS RAIL LOCOMOTIVE INC.,PROGRESS RAIL PARTS DC,16101 S. OUTER ROAD,"Belton,MO 64012 - US",
YT348639,HOSE CONN - 15.50 LG,HO,YTS-INTERNATIONAL,560455,1,10-MAR-20,10-MAR-20,29-JUL-20,20-NOV-20,18-SEP-20,18-SEP-20,1,42.16,42.16,32.90,32.90,,,,,WABTEC BRASIL FABRICA플O E MANUTEN플O DE EQUIPAMENTOS LTDA.,AV. GENERAL DAVID SARNOFF,"CIDADE INDUSTRIAL, 4600","CONTAGEM/MG, 32210-110 - BR",
YT352400-808,LFR AXB108 BANK - RH 40082531 GMLG XP AUS,3,YTS-DOMESTIC,561538,1,12-AUG-20,21-AUG-20,21-AUG-20,12-AUG-20,21-AUG-20,21-AUG-20,1,"6,620.00","8,016.00","7,226.29","4,558.43",,552.91,"2,114.96",,PROGRESS RAIL LOCOMOTIVE INC.,PROGRESS RAIL PARTS DC,16101 S. OUTER ROAD,"Belton,MO 64012 - US",
YT352400-808,LFR AXB108 BANK - RH 40082531 GMLG XP AUS,3,YTS-DOMESTIC,561538,1,12-AUG-20,24-JUN-20,21-AUG-20,12-AUG-20,21-AUG-20,21-AUG-20,1,"6,620.00","8,016.00","7,226.29","4,558.43",,552.91,"2,114.96",,PROGRESS RAIL LOCOMOTIVE INC.,PROGRESS RAIL PARTS DC,16101 S. OUTER ROAD,"Belton,MO 64012 - US",
YT352400-808,LFR AXB108 BANK - RH 40082531 GMLG XP AUS,3,YTS-DOMESTIC,561507,1,06-AUG-20,18-JUN-20,06-AUG-20,01-OCT-20,25-SEP-20,25-SEP-20,1,"6,620.00","8,016.00","7,226.29","4,558.43",,552.91,"2,114.96",,PROGRESS RAIL LOCOMOTIVE INC.,PROGRESS RAIL PARTS DC,16101 S. OUTER ROAD,"Belton,MO 64012 - US",
YT352401-808,LFR AXB108 BANK - LH 40082530 GMLG XP AUS,3,YTS-DOMESTIC,561045,1,07-AUG-20,05-MAY-20,07-AUG-20,31-AUG-20,28-AUG-20,28-AUG-20,2,"6,620.00","16,032.00","7,226.29","4,558.43",,552.91,"2,114.96",,PROGRESS RAIL LOCOMOTIVE INC.,PROGRESS RAIL PARTS DC,16101 S. OUTER ROAD,"Belton,MO 64012 - US",
YT352401-808,LFR AXB108 BANK - LH 40082530 GMLG XP AUS,3,YTS-DOMESTIC,561359,1,07-AUG-20,01-JUN-20,07-AUG-20,22-SEP-20,18-SEP-20,18-SEP-20,2,"6,620.00","16,032.00","7,226.29","4,558.43",,552.91,"2,114.96",,PROGRESS RAIL LOCOMOTIVE INC.,PROGRESS RAIL PARTS DC,16101 S. OUTER ROAD,"Belton,MO 64012 - US",
YT359853-804,LFR AXB106 BANK 10588625 XP CR VCI - FINAL ASSEMBLY,3,YTS-DOMESTIC,560245,1,07-AUG-20,25-FEB-20,07-AUG-20,02-OCT-20,25-SEP-20,25-SEP-20,1,"11,790.00","11,790.00","6,021.54","3,499.41",,519.56,"2,002.57",,PROGRESS RAIL LOCOMOTIVE INC.,PROGRESS RAIL PARTS DC,16101 S. OUTER ROAD,"Belton,MO 64012 - US",
YT359853-804,LFR AXB106 BANK 10588625 XP CR VCI - FINAL ASSEMBLY,3,YTS-DOMESTIC,560246,1,07-AUG-20,25-FEB-20,07-AUG-20,02-OCT-20,02-OCT-20,02-OCT-20,5,"11,790.00","58,950.00","6,021.54","3,499.41",,519.56,"2,002.57",,PROGRESS RAIL LOCOMOTIVE INC.,PROGRESS RAIL PARTS DC,16101 S. OUTER ROAD,"Belton,MO 64012 - US",
YT359854-804,LFR AXB106 BANK 10588626 XP CR VCI - FINAL ASSEMBLY,3,YTS-DOMESTIC,560247,1,07-AUG-20,25-FEB-20,07-AUG-20,02-OCT-20,25-SEP-20,25-SEP-20,1,"11,790.00","11,790.00","6,021.54","3,499.41",,519.56,"2,002.57",,PROGRESS RAIL LOCOMOTIVE INC.,PROGRESS RAIL PARTS DC,16101 S. OUTER ROAD,"Belton,MO 64012 - US",
YT359854-804,LFR AXB106 BANK 10588626 XP CR VCI - FINAL ASSEMBLY,3,YTS-DOMESTIC,560248,1,07-AUG-20,25-FEB-20,07-AUG-20,02-OCT-20,02-OCT-20,02-OCT-20,5,"11,790.00","58,950.00","6,021.54","3,499.41",,519.56,"2,002.57",,PROGRESS RAIL LOCOMOTIVE INC.,PROGRESS RAIL PARTS DC,16101 S. OUTER ROAD,"Belton,MO 64012 - US",
YT363694-805,LFR AXB 104 AXB 116 LH STD PAL/PLY - FINAL ASSEMBLY 10665562,3,YTS-DOMESTIC,561023,1,07-AUG-20,30-APR-20,07-AUG-20,28-AUG-20,28-AUG-20,28-AUG-20,1,"9,148.00","12,406.82","12,526.71","8,674.21",,805.13,"3,047.38",,PROGRESS RAIL LOCOMOTIVE INC.,PROGRESS RAIL PARTS DC,16101 S. OUTER ROAD,"Belton,MO 64012 - US",
YT363694-805,LFR AXB 104 AXB 116 LH STD PAL/PLY - FINAL ASSEMBLY 10665562,3,YTS-DOMESTIC,561024,1,07-AUG-20,30-APR-20,07-AUG-20,28-AUG-20,28-AUG-20,28-AUG-20,2,"9,148.00","24,813.64","12,526.71","8,674.21",,805.13,"3,047.38",,PROGRESS RAIL LOCOMOTIVE INC.,PROGRESS RAIL PARTS DC,16101 S. OUTER ROAD,"Belton,MO 64012 - US",
YT363694-805,LFR AXB 104 AXB 116 LH STD PAL/PLY - FINAL ASSEMBLY 10665562,3,YTS-DOMESTIC,561555,1,06-AUG-20,25-JUN-20,06-AUG-20,02-NOV-20,30-OCT-20,30-OCT-20,1,"9,148.00","12,406.82","12,526.71","8,674.21",,805.13,"3,047.38",,PROGRESS RAIL LOCOMOTIVE INC.,PROGRESS RAIL PARTS DC,16101 S. OUTER ROAD,"Belton,MO 64012 - US",
YT363694-805,LFR AXB 104 AXB 116 LH STD PAL/PLY - FINAL ASSEMBLY 10665562,3,YTS-DOMESTIC,561740,1,06-AUG-20,21-JUL-20,06-AUG-20,25-NOV-20,18-NOV-20,18-NOV-20,1,"9,148.00","12,406.82","12,526.71","8,674.21",,805.13,"3,047.38",,PROGRESS RAIL LOCOMOTIVE INC.,PROGRESS RAIL PARTS DC,16101 S. OUTER ROAD,"Belton,MO 64012 - US",
YT403658-AC-811,CORE YTF 104 YTF 105 - FB 111.25 50.00 STD CRATE,3,YTS-INTERNAL,110640,1,17-JUL-20,17-JUL-20,21-JUL-20,31-JUL-20,02-OCT-20,02-OCT-20,20,0.00,0.00,"6,389.95","4,225.77",,410.54,"1,544.64",209.00,WABCO-KANSAS CITY SERVICE CENTER,4800 DERAMUS,(JAX),"KANSAS CITY,MO 64120 - US",
YT404421-AB-803,CORE YTF 107 - SC 46.500 10.625 XP CRATE,3,YTS-DOMESTIC,561663,1,10-JUL-20,10-JUL-20,14-JUL-20,25-SEP-20,16-SEP-20,16-SEP-20,1,"1,610.00","1,610.00",654.18,368.06,,57.24,228.88,,THE AFTERMARKET PARTS COMPANY LLC,NEW FLYER KY1 PARTS DISTRIBUTION CENTER,7001 UNIVERSAL COACH DRIVE,"Louisville,KY 40258 - US",
YT404421-AB-803,CORE YTF 107 - SC 46.500 10.625 XP CRATE,3,YTS-DOMESTIC,561664,1,10-JUL-20,10-JUL-20,14-JUL-20,25-SEP-20,16-SEP-20,16-SEP-20,1,"1,610.00","1,610.00",654.18,368.06,,57.24,228.88,,THE AFTERMARKET PARTS COMPANY LLC,3181 SOUTH WILLOW AVENUE,SUITE 102,"FRESNO,CA 93725 - US",
YT404601-200,"3/8-16 GR8 FLANGED BOLT - 2.00"" LONG",FS,YTS-INTERNATIONAL,561551,1,25-JUN-20,25-JUN-20,01-JUL-20,23-NOV-20,18-SEP-20,18-SEP-20,1200,0.85,"1,020.00",0.18,0.18,,,,,WABTEC BRASIL FABRICA플O E MANUTEN플O DE EQUIPAMENTOS LTDA.,AV. GENERAL DAVID SARNOFF,"CIDADE INDUSTRIAL, 4600","CONTAGEM/MG, 32210-110 - BR",
YT404601-200,"3/8-16 GR8 FLANGED BOLT - 2.00"" LONG",FS,YTS-INTERNATIONAL,561916,1,13-AUG-20,13-AUG-20,13-AUG-20,17-DEC-20,16-OCT-20,16-OCT-20,1200,0.85,"1,020.00",0.18,0.18,,,,,WABTEC BRASIL FABRICA플O E MANUTEN플O DE EQUIPAMENTOS LTDA.,AV. GENERAL DAVID SARNOFF,"CIDADE INDUSTRIAL, 4600","CONTAGEM/MG, 32210-110 - BR",
YT404601-250,"3/8-16 GR8 FLANGED BOLT - 2.50"" LONG",FS,YTS-INTERNATIONAL,561909,1,13-AUG-20,13-AUG-20,13-AUG-20,17-DEC-20,16-OCT-20,16-OCT-20,400,0.22,88.00,0.27,0.27,,,,,WABTEC BRASIL FABRICA플O E MANUTEN플O DE EQUIPAMENTOS LTDA.,AV. GENERAL DAVID SARNOFF,"CIDADE INDUSTRIAL, 4600","CONTAGEM/MG, 32210-110 - BR",
YT409501-AA-816,SIDEFRAME ASY 41.47 NABI,SV,YTS-DOMESTIC,561890,1,10-AUG-20,10-AUG-20,14-AUG-20,11-SEP-20,11-SEP-20,11-SEP-20,3,225.00,675.00,103.81,18.30,,18.43,64.82,2.26,THE AFTERMARKET PARTS COMPANY LLC,NEW FLYER OH1 PARTS DISTRIBUTION CENTER,3229 SAWMILL PARKWAY,"DELAWARE,OH 43015 - US",
YT411430,TUBE REPAIR - MAINTENANCE KIT,SV,YTS-DOMESTIC,561940,1,18-AUG-20,18-AUG-20,20-AUG-20,30-SEP-20,25-SEP-20,25-SEP-20,2,230.00,460.00,111.45,111.45,,0.00,,,"WABTEC TRANSPORTATION SYSTEMS, LLC",HAVRE MONTANA CSC,GETS/BNSF DIESEL SHOP,"Havre,MT 59501 - US",
YT413234-805,RAD ASY AXB 118 EMD P/N 40117394 STD PAL/PLY - FINAL ASSEMBLY,3,YTS-DOMESTIC,560405,2,22-JUN-20,21-JUL-20,21-JUL-20,04-JUN-20,22-JUN-20,03-JUN-20,3,"4,945.00","18,885.00","6,488.13","4,063.00",,478.95,"1,946.18",,PROGRESS RAIL LOCOMOTIVE INC.,PROGRESS RAIL PARTS DC,16101 S. OUTER ROAD,"Belton,MO 64012 - US",
YT418246-9,MJ-MP STRAIGHT FITTING .75 OD 2404-06-06,HO,YTS-INTERNATIONAL,561883,1,10-AUG-20,10-AUG-20,10-AUG-20,20-NOV-20,18-SEP-20,18-SEP-20,100,1.05,105.00,0.82,0.82,,,,,WABTEC BRASIL FABRICA플O E MANUTEN플O DE EQUIPAMENTOS LTDA.,AV. GENERAL DAVID SARNOFF,"CIDADE INDUSTRIAL, 4600","CONTAGEM/MG, 32210-110 - BR",
YT418867-803,CORE YTF 104 YTF 105 KIT,3,YTS-INTERNATIONAL,561129,1,11-MAY-20,11-MAY-20,01-JUL-20,23-NOV-20,18-SEP-20,18-SEP-20,4,"5,298.93","21,195.72","4,134.62","2,617.81",,314.32,"1,202.50",,WABTEC BRASIL FABRICA플O E MANUTEN플O DE EQUIPAMENTOS LTDA.,AV. GENERAL DAVID SARNOFF,"CIDADE INDUSTRIAL, 4600","CONTAGEM/MG, 32210-110 - BR",
YT418867-803,CORE YTF 104 YTF 105 KIT,3,YTS-INTERNATIONAL,560062,1,05-FEB-20,05-FEB-20,01-JUL-20,23-NOV-20,02-OCT-20,02-OCT-20,2,"5,298.93","10,597.86","4,134.62","2,617.81",,314.32,"1,202.50",,WABTEC BRASIL FABRICA플O E MANUTEN플O DE EQUIPAMENTOS LTDA.,AV. GENERAL DAVID SARNOFF,"CIDADE INDUSTRIAL, 4600","CONTAGEM/MG, 32210-110 - BR",
YT418867-803,CORE YTF 104 YTF 105 KIT,3,YTS-INTERNATIONAL,559851,1,20-JAN-20,20-JAN-20,01-JUL-20,26-NOV-20,02-OCT-20,02-OCT-20,4,"5,298.93","21,195.72","4,134.62","2,617.81",,314.32,"1,202.50",,WABTEC BRASIL FABRICA플O E MANUTEN플O DE EQUIPAMENTOS LTDA.,AV. GENERAL DAVID SARNOFF,"CIDADE INDUSTRIAL, 4600","CONTAGEM/MG, 32210-110 - BR",
YT418867-803,CORE YTF 104 YTF 105 KIT,3,YTS-INTERNATIONAL,561130,1,11-MAY-20,11-MAY-20,29-JUL-20,11-DEC-20,09-OCT-20,09-OCT-20,4,"5,298.93","21,195.72","4,134.62","2,617.81",,314.32,"1,202.50",,WABTEC BRASIL FABRICA플O E MANUTEN플O DE EQUIPAMENTOS LTDA.,AV. GENERAL DAVID SARNOFF,"CIDADE INDUSTRIAL, 4600","CONTAGEM/MG, 32210-110 - BR",
YT418867-803,CORE YTF 104 YTF 105 KIT,3,YTS-INTERNATIONAL,559948,1,27-JAN-20,27-JAN-20,28-JUL-20,17-DEC-20,16-OCT-20,16-OCT-20,2,"5,298.93","10,597.86","4,134.62","2,617.81",,314.32,"1,202.50",,WABTEC BRASIL FABRICA플O E MANUTEN플O DE EQUIPAMENTOS LTDA.,AV. GENERAL DAVID SARNOFF,"CIDADE INDUSTRIAL, 4600","CONTAGEM/MG, 32210-110 - BR",
YT418867-803,CORE YTF 104 YTF 105 KIT,3,YTS-INTERNATIONAL,560012,1,31-JAN-20,31-JAN-20,28-JUL-20,18-DEC-20,16-OCT-20,16-OCT-20,4,"5,298.93","21,195.72","4,134.62","2,617.81",,314.32,"1,202.50",,WABTEC BRASIL FABRICA플O E MANUTEN플O DE EQUIPAMENTOS LTDA.,AV. GENERAL DAVID SARNOFF,"CIDADE INDUSTRIAL, 4600","CONTAGEM/MG, 32210-110 - BR",
YT418867-803,CORE YTF 104 YTF 105 KIT,3,YTS-INTERNATIONAL,560013,1,31-JAN-20,31-JAN-20,28-JUL-20,04-JAN-21,30-OCT-20,30-OCT-20,4,"5,298.93","21,195.72","4,134.62","2,617.81",,314.32,"1,202.50",,WABTEC BRASIL FABRICA플O E MANUTEN플O DE EQUIPAMENTOS LTDA.,AV. GENERAL DAVID SARNOFF,"CIDADE INDUSTRIAL, 4600","CONTAGEM/MG, 32210-110 - BR",
YT418867-803,CORE YTF 104 YTF 105 KIT,3,YTS-INTERNATIONAL,561133,1,11-MAY-20,11-MAY-20,29-JUL-20,28-DEC-20,30-OCT-20,30-OCT-20,4,"5,298.93","21,195.72","4,134.62","2,617.81",,314.32,"1,202.50",,WABTEC BRASIL FABRICA플O E MANUTEN플O DE EQUIPAMENTOS LTDA.,AV. GENERAL DAVID SARNOFF,"CIDADE INDUSTRIAL, 4600","CONTAGEM/MG, 32210-110 - BR",
YT418867-803,CORE YTF 104 YTF 105 KIT,3,YTS-INTERNATIONAL,559849,1,20-JAN-20,20-JAN-20,01-JUL-20,22-FEB-21,18-DEC-20,18-DEC-20,4,"5,298.93","21,195.72","4,134.62","2,617.81",,314.32,"1,202.50",,WABTEC BRASIL FABRICA플O E MANUTEN플O DE EQUIPAMENTOS LTDA.,AV. GENERAL DAVID SARNOFF,"CIDADE INDUSTRIAL, 4600","CONTAGEM/MG, 32210-110 - BR",
YT418867-803,CORE YTF 104 YTF 105 KIT,3,YTS-INTERNATIONAL,561131,1,11-MAY-20,11-MAY-20,01-JUL-20,19-FEB-21,18-DEC-20,18-DEC-20,4,"5,298.93","21,195.72","4,134.62","2,617.81",,314.32,"1,202.50",,WABTEC BRASIL FABRICA플O E MANUTEN플O DE EQUIPAMENTOS LTDA.,AV. GENERAL DAVID SARNOFF,"CIDADE INDUSTRIAL, 4600","CONTAGEM/MG, 32210-110 - BR",
YT419702-816,BANK SPACER 11.75 52.82 14G,SV,YTS-INTERNATIONAL,561802,1,28-JUL-20,28-JUL-20,14-AUG-20,20-NOV-20,16-OCT-20,16-OCT-20,20,14.02,280.40,10.94,7.37,,0.71,2.86,,WABTEC BRASIL FABRICA플O E MANUTEN플O DE EQUIPAMENTOS LTDA.,AV. GENERAL DAVID SARNOFF,"CIDADE INDUSTRIAL, 4600","CONTAGEM/MG, 32210-110 - BR",
YT420980-040-D,M10-1.50 FLANGED BOLT 40MM DICHROMATE,FS,YTS-INTERNATIONAL,561793,1,27-JUL-20,27-JUL-20,27-JUL-20,20-NOV-20,18-SEP-20,18-SEP-20,325,0.38,123.50,0.30,0.30,,,,,WABTEC BRASIL FABRICA플O E MANUTEN플O DE EQUIPAMENTOS LTDA.,AV. GENERAL DAVID SARNOFF,"CIDADE INDUSTRIAL, 4600","CONTAGEM/MG, 32210-110 - BR",
YT420980-045-D,M10-1.50 FLANGED BOLT 45MM DICHROMATE,FS,YTS-INTERNATIONAL,561794,1,27-JUL-20,27-JUL-20,27-JUL-20,20-NOV-20,18-SEP-20,18-SEP-20,100,5.47,547.00,0.33,0.33,,,,,WABTEC BRASIL FABRICA플O E MANUTEN플O DE EQUIPAMENTOS LTDA.,AV. GENERAL DAVID SARNOFF,"CIDADE INDUSTRIAL, 4600","CONTAGEM/MG, 32210-110 - BR",
YT421493-800,PILBARA RH BANK YTF 105 YTF 104 STD PALLET - FINAL ASSEMBLY,3,YTS-DOMESTIC,560544,1,18-MAR-20,18-MAR-20,23-JUL-20,11-SEP-20,11-SEP-20,11-SEP-20,1,"16,209.00","16,209.00","11,957.90","7,157.26",,"1,013.92","3,786.72",,"WABTEC TRANSPORTATION SYSTEMS, LLC",TEXAS LOCOMOTIVE MANUFACTURING,16201 THREE WIDE DRIVE,"Fort Worth,TX 76177 - US",
YT421494-800,PILBARA LH BANK YTF 105 YTF 104 STD PALLET - FINAL ASSEMBLY,3,YTS-DOMESTIC,560545,1,18-MAR-20,18-MAR-20,23-JUL-20,11-SEP-20,11-SEP-20,11-SEP-20,1,"16,209.00","16,209.00","11,946.90","7,146.27",,"1,013.92","3,786.72",,"WABTEC TRANSPORTATION SYSTEMS, LLC",TEXAS LOCOMOTIVE MANUFACTURING,16201 THREE WIDE DRIVE,"Fort Worth,TX 76177 - US",
YT423335-806,RAD ASY YTF 105 NABI SERVICE PAL CB BOX,3,YTS-DOMESTIC,560949,1,24-APR-20,24-APR-20,28-APR-20,25-SEP-20,17-SEP-20,17-SEP-20,9,"2,670.00","24,030.00","1,587.73",544.69,,215.50,819.07,8.46,THE AFTERMARKET PARTS COMPANY LLC,NFI PARTS NJ2 EAST BRUNSWICK DISTRIBUTION CTR,35 COTTERS LN #D,"East Brunswick,NJ 08816 - US",
YT423335-806,RAD ASY YTF 105 NABI SERVICE PAL CB BOX,3,YTS-DOMESTIC,561369,1,03-JUN-20,03-JUN-20,04-JUN-20,04-NOV-20,26-OCT-20,26-OCT-20,6,"2,670.00","16,020.00","1,587.73",544.69,,215.50,819.07,8.46,THE AFTERMARKET PARTS COMPANY LLC,NFI PARTS NJ2 EAST BRUNSWICK DISTRIBUTION CTR,35 COTTERS LN #D,"East Brunswick,NJ 08816 - US",
YT423335-806,RAD ASY YTF 105 NABI SERVICE PAL CB BOX,3,YTS-DOMESTIC,561853,1,04-AUG-20,04-AUG-20,06-AUG-20,05-JAN-21,28-DEC-20,28-DEC-20,7,"2,670.00","18,690.00","1,587.73",544.69,,215.50,819.07,8.46,THE AFTERMARKET PARTS COMPANY LLC,NFI PARTS NJ2 EAST BRUNSWICK DISTRIBUTION CTR,35 COTTERS LN #D,"East Brunswick,NJ 08816 - US",
YT423507-803,CAT 795F SBRA 1013 MINING TRUCK ATAAC XP CRATE - FINAL ASSEMBLY,3,YTS-PARTS-DOMESTIC,561943,1,18-AUG-20,18-AUG-20,20-AUG-20,03-NOV-20,03-NOV-20,03-NOV-20,2,"9,741.00","21,802.00","6,173.52","3,776.63",,508.69,"1,888.19",0.00,CATERPILLAR INC,CLAYTON OHIO INBOUND PROCESSING CTR,6611 HOKE ROAD,"Clayton,OH 45315 - US",
YT425663-803,CAT 793 CAC SBRA 0613 XP CRATE - FINAL ASSEMBLY,3,YTS-PARTS-DOMESTIC,558787,22,01-NOV-19,26-JUN-20,24-JUL-20,25-AUG-20,25-AUG-20,25-AUG-20,7,"6,145.00","47,971.00","4,511.76","2,829.60",,350.33,"1,331.83",0.00,CATERPILLAR INC,CLAYTON OHIO INBOUND PROCESSING CTR,6611 HOKE ROAD,"Clayton,OH 45315 - US",
YT425663-803,CAT 793 CAC SBRA 0613 XP CRATE - FINAL ASSEMBLY,3,YTS-PARTS-DOMESTIC,558787,23,01-NOV-19,07-JUL-20,24-JUL-20,01-SEP-20,01-SEP-20,01-SEP-20,8,"6,145.00","54,824.00","4,511.76","2,829.60",,350.33,"1,331.83",0.00,CATERPILLAR INC,CLAYTON OHIO INBOUND PROCESSING CTR,6611 HOKE ROAD,"Clayton,OH 45315 - US",
YT425663-803,CAT 793 CAC SBRA 0613 XP CRATE - FINAL ASSEMBLY,3,YTS-PARTS-DOMESTIC,558787,24,01-NOV-19,10-JUL-20,24-JUL-20,08-SEP-20,08-SEP-20,08-SEP-20,14,"6,145.00","95,942.00","4,511.76","2,829.60",,350.33,"1,331.83",0.00,CATERPILLAR INC,CLAYTON OHIO INBOUND PROCESSING CTR,6611 HOKE ROAD,"Clayton,OH 45315 - US",
YT425663-803,CAT 793 CAC SBRA 0613 XP CRATE - FINAL ASSEMBLY,3,YTS-PARTS-DOMESTIC,558787,25,01-NOV-19,18-AUG-20,20-AUG-20,13-OCT-20,13-OCT-20,13-OCT-20,13,"6,145.00","89,089.00","4,511.76","2,829.60",,350.33,"1,331.83",0.00,CATERPILLAR INC,CLAYTON OHIO INBOUND PROCESSING CTR,6611 HOKE ROAD,"Clayton,OH 45315 - US",
YT425663-815,CAT 793 CAC SBRA 0613 RET RACK - FINAL ASSEMBLY,3,YTS-DOMESTIC,561218,2,19-JUN-20,14-JUL-20,24-JUL-20,06-OCT-20,06-OCT-20,06-OCT-20,4,"6,145.00","27,284.00","4,383.10","2,700.94",,350.33,"1,331.83",0.00,CATERPILLAR INC,27TH & HUBBARD AVE DT1308,GATE 3 DOCK 8,"Decatur,IL 62526 - US",
YT426744-AB-803,CORE SBRA 1015 - SC 67.17 55.15 XP CRATE,3,YTS-DOMESTIC,561429,3,10-JUN-20,18-AUG-20,21-AUG-20,22-SEP-20,30-SEP-20,30-SEP-20,2,"10,532.00","21,140.00","5,514.18","3,725.97",,369.80,"1,418.41",,CATERPILLAR INC,CLAYTON OHIO INBOUND PROCESSING CTR,6611 HOKE ROAD,"Clayton,OH 45315 - US",
YT427592-806,CAC & FRAME ASY PAL CB BOX,3,YTS-DOMESTIC,561723,1,20-JUL-20,20-JUL-20,21-JUL-20,27-NOV-20,19-NOV-20,19-NOV-20,5,"2,270.00","11,350.00","1,147.04",890.10,,52.65,192.24,12.04,THE AFTERMARKET PARTS COMPANY LLC,NFI PARTS NJ2 EAST BRUNSWICK DISTRIBUTION CTR,35 COTTERS LN #D,"East Brunswick,NJ 08816 - US",
YT427611-804,RH BANK CARAJAS YTF 104 YTF 106  XP CR VCI - FINAL ASSEMBLY,3,YTS-DOMESTIC,561861,1,05-AUG-20,05-AUG-20,17-AUG-20,10-SEP-20,18-SEP-20,18-SEP-20,1,"24,017.00","24,017.00","15,000.16","9,393.27",,"1,200.23","4,406.66",,"WABTEC TRANSPORTATION SYSTEMS, LLC",6300 MUIRFIELD DRIVE,"HANOVER PARK,IL 60133-5462 - US",,
YT427612-804,LH BANK CARAJAS YTF 104 YTF 106  XP CR VCI - FINAL ASSEMBLY,3,YTS-DOMESTIC,561860,1,05-AUG-20,05-AUG-20,17-AUG-20,10-SEP-20,18-SEP-20,18-SEP-20,1,"24,019.00","24,019.00","15,002.70","9,393.27",,"1,200.85","4,408.58",,"WABTEC TRANSPORTATION SYSTEMS, LLC",6300 MUIRFIELD DRIVE,"HANOVER PARK,IL 60133-5462 - US",,
YT427638-806,NABI RAD YTF 106 - PAL CB BOX,3,YTS-DOMESTIC,561723,2,20-JUL-20,20-JUL-20,21-JUL-20,12-OCT-20,02-OCT-20,02-OCT-20,5,"3,015.00","15,075.00","1,692.96",622.42,,223.07,847.47,0.00,THE AFTERMARKET PARTS COMPANY LLC,NFI PARTS NJ2 EAST BRUNSWICK DISTRIBUTION CTR,35 COTTERS LN #D,"East Brunswick,NJ 08816 - US",
YT427896-805,LH BANK GT38AC AXB 114 AXB 106 STD PAL/PLY - FINAL ASSEMBLY 40172782,3,YTS-DOMESTIC,561419,1,11-AUG-20,09-JUN-20,11-AUG-20,28-AUG-20,21-AUG-20,21-AUG-20,2,"7,833.00","18,238.00","6,076.72","3,347.14",,583.73,"2,145.85",,PROGRESS RAIL LOCOMOTIVE INC.,BLVD ANTONIO ROCHA CORDERO #300,COL EL AGUAJE,"SAN LUIS POTOSI,SAN LUIS POTOSI 78380 - MX",
YT427896-805,LH BANK GT38AC AXB 114 AXB 106 STD PAL/PLY - FINAL ASSEMBLY 40172782,3,YTS-DOMESTIC,561841,1,11-AUG-20,03-AUG-20,11-AUG-20,21-OCT-20,16-OCT-20,16-OCT-20,3,"7,833.00","27,357.00","6,076.72","3,347.14",,583.73,"2,145.85",,PROGRESS RAIL LOCOMOTIVE INC.,BLVD ANTONIO ROCHA CORDERO #300,COL EL AGUAJE,"SAN LUIS POTOSI,SAN LUIS POTOSI 78380 - MX",
YT427896-805,LH BANK GT38AC AXB 114 AXB 106 STD PAL/PLY - FINAL ASSEMBLY 40172782,3,YTS-INTERNATIONAL,561899,1,12-AUG-20,12-AUG-20,13-AUG-20,04-NOV-20,30-OCT-20,30-OCT-20,1,"7,833.00","9,119.00","6,076.72","3,347.14",,583.73,"2,145.85",,PROGRESS RAIL LOCOMOTIVE INC.,BLVD ANTONIO ROCHA CORDERO #300,COL EL AGUAJE,"SAN LUIS POTOSI,SAN LUIS POTOSI 78380 - MX",
YT427897-805,RH BANK GT38AC AXB 114 AXB 106 STD PAL/PLY - FINAL ASSEMBLY 40173595,3,YTS-DOMESTIC,561421,1,11-AUG-20,09-JUN-20,11-AUG-20,28-AUG-20,21-AUG-20,21-AUG-20,2,"7,833.00","18,238.00","6,076.72","3,347.14",,583.73,"2,145.85",,PROGRESS RAIL LOCOMOTIVE INC.,BLVD ANTONIO ROCHA CORDERO #300,COL EL AGUAJE,"SAN LUIS POTOSI,SAN LUIS POTOSI 78380 - MX",
YT427897-805,RH BANK GT38AC AXB 114 AXB 106 STD PAL/PLY - FINAL ASSEMBLY 40173595,3,YTS-INTERNATIONAL,561900,1,12-AUG-20,12-AUG-20,13-AUG-20,15-OCT-20,09-OCT-20,09-OCT-20,3,"7,833.00","27,357.00","6,076.72","3,347.14",,583.73,"2,145.85",,PROGRESS RAIL LOCOMOTIVE INC.,BLVD ANTONIO ROCHA CORDERO #300,COL EL AGUAJE,"SAN LUIS POTOSI,SAN LUIS POTOSI 78380 - MX",
YT427897-805,RH BANK GT38AC AXB 114 AXB 106 STD PAL/PLY - FINAL ASSEMBLY 40173595,3,YTS-DOMESTIC,561840,1,11-AUG-20,03-AUG-20,11-AUG-20,21-OCT-20,16-OCT-20,16-OCT-20,3,"7,833.00","27,357.00","6,076.72","3,347.14",,583.73,"2,145.85",,PROGRESS RAIL LOCOMOTIVE INC.,BLVD ANTONIO ROCHA CORDERO #300,COL EL AGUAJE,"SAN LUIS POTOSI,SAN LUIS POTOSI 78380 - MX",
YT427897-805,RH BANK GT38AC AXB 114 AXB 106 STD PAL/PLY - FINAL ASSEMBLY 40173595,3,YTS-INTERNATIONAL,561901,1,12-AUG-20,12-AUG-20,13-AUG-20,02-NOV-20,30-OCT-20,30-OCT-20,2,"7,833.00","18,238.00","6,076.72","3,347.14",,583.73,"2,145.85",,PROGRESS RAIL LOCOMOTIVE INC.,BLVD ANTONIO ROCHA CORDERO #300,COL EL AGUAJE,"SAN LUIS POTOSI,SAN LUIS POTOSI 78380 - MX",
YT431308,MPI-MBTA RH RAD BANK HSP-46,PHANTOM,KRC-PARTS,471977,1,18-AUG-20,18-AUG-20,18-AUG-20,08-SEP-20,13-NOV-20,18-NOV-20,1,"12,500.00","12,500.00","7,508.44","4,499.78",,644.58,"2,364.08",,KEOLIS COMMUTER SERVICE LLC,70 REAR THIRD AVE,"SOMERVILLE,MA 02143 - US",,
YT431308-805,MPI-MBTA RH RAD BANK HSP-46 STD PAL/PLY - FINAL ASSEMBLY,3,YTS-INTERNAL,110695,1,19-AUG-20,19-AUG-20,20-AUG-20,02-SEP-20,09-OCT-20,09-OCT-20,1,"7,851.93","7,851.93","7,851.93","4,595.87",,695.69,"2,560.37",,WABCO-KANSAS CITY SERVICE CENTER,4800 DERAMUS,(JAX),"KANSAS CITY,MO 64120 - US",
YT435067-805,EMD GT42AC PERU LH BANK 40213511 STD PAL/PLY - FINAL ASSEMBLY,3,YTS-DOMESTIC,561543,1,24-JUN-20,24-JUN-20,21-AUG-20,24-AUG-20,21-AUG-20,21-AUG-20,1,"9,245.00","11,610.00","9,878.03","5,600.01",,906.93,"3,371.09",,PROGRESS RAIL LOCOMOTIVE INC.,PROGRESS RAIL PARTS DC,16101 S. OUTER ROAD,"Belton,MO 64012 - US",
YT435067-805,EMD GT42AC PERU LH BANK 40213511 STD PAL/PLY - FINAL ASSEMBLY,3,YTS-DOMESTIC,561629,1,06-AUG-20,07-JUL-20,06-AUG-20,08-DEC-20,04-DEC-20,04-DEC-20,2,"9,245.00","23,220.00","9,878.03","5,600.01",,906.93,"3,371.09",,PROGRESS RAIL LOCOMOTIVE INC.,PROGRESS RAIL PARTS DC,16101 S. OUTER ROAD,"Belton,MO 64012 - US",
YT435067-805,EMD GT42AC PERU LH BANK 40213511 STD PAL/PLY - FINAL ASSEMBLY,3,YTS-DOMESTIC,561809,1,29-JUL-20,29-JUL-20,30-JUL-20,06-JAN-21,30-DEC-20,30-DEC-20,1,"9,245.00","11,610.00","9,878.03","5,600.01",,906.93,"3,371.09",,PROGRESS RAIL LOCOMOTIVE INC.,PROGRESS RAIL PARTS DC,16101 S. OUTER ROAD,"Belton,MO 64012 - US",
YT437538-AC-811,CORE YTF 106 YTF 104 - FB 111.25 51.25 STD CRATE,3,YTS-INTERNAL,110640,2,17-JUL-20,17-JUL-20,21-JUL-20,31-JUL-20,02-OCT-20,02-OCT-20,8,0.00,0.00,"7,065.26","4,699.68",,445.94,"1,681.64",238.00,WABCO-KANSAS CITY SERVICE CENTER,4800 DERAMUS,(JAX),"KANSAS CITY,MO 64120 - US",
YT440158-804,418558 STEEL KIT,SV,YTS-INTERNATIONAL,560332,1,28-FEB-20,28-FEB-20,29-JUL-20,02-DEC-20,09-OCT-20,09-OCT-20,1,"3,450.62","3,450.62","2,692.43","1,572.65",,250.56,869.22,,WABTEC BRASIL FABRICA플O E MANUTEN플O DE EQUIPAMENTOS LTDA.,AV. GENERAL DAVID SARNOFF,"CIDADE INDUSTRIAL, 4600","CONTAGEM/MG, 32210-110 - BR",
YT440158-804,418558 STEEL KIT,SV,YTS-INTERNATIONAL,560334,1,28-FEB-20,28-FEB-20,29-JUL-20,11-DEC-20,09-OCT-20,09-OCT-20,1,"3,450.62","3,450.62","2,692.43","1,572.65",,250.56,869.22,,WABTEC BRASIL FABRICA플O E MANUTEN플O DE EQUIPAMENTOS LTDA.,AV. GENERAL DAVID SARNOFF,"CIDADE INDUSTRIAL, 4600","CONTAGEM/MG, 32210-110 - BR",
YT440158-804,418558 STEEL KIT,SV,YTS-INTERNATIONAL,560331,1,28-FEB-20,28-FEB-20,29-JUL-20,17-DEC-20,30-OCT-20,30-OCT-20,3,"3,450.62","10,351.86","2,692.43","1,572.65",,250.56,869.22,,WABTEC BRASIL FABRICA플O E MANUTEN플O DE EQUIPAMENTOS LTDA.,AV. GENERAL DAVID SARNOFF,"CIDADE INDUSTRIAL, 4600","CONTAGEM/MG, 32210-110 - BR",
YT440158-804,418558 STEEL KIT,SV,YTS-INTERNATIONAL,560330,1,28-FEB-20,28-FEB-20,29-JUL-20,07-JAN-21,06-NOV-20,06-NOV-20,1,"3,450.62","3,450.62","2,692.43","1,572.65",,250.56,869.22,,WABTEC BRASIL FABRICA플O E MANUTEN플O DE EQUIPAMENTOS LTDA.,AV. GENERAL DAVID SARNOFF,"CIDADE INDUSTRIAL, 4600","CONTAGEM/MG, 32210-110 - BR",
YT440158-804,418558 STEEL KIT,SV,YTS-INTERNATIONAL,561795,1,27-JUL-20,27-JUL-20,30-JUL-20,02-FEB-21,04-DEC-20,04-DEC-20,1,"3,450.62","3,450.62","2,692.43","1,572.65",,250.56,869.22,,WABTEC BRASIL FABRICA플O E MANUTEN플O DE EQUIPAMENTOS LTDA.,AV. GENERAL DAVID SARNOFF,"CIDADE INDUSTRIAL, 4600","CONTAGEM/MG, 32210-110 - BR",
YT440158-804,418558 STEEL KIT,SV,YTS-INTERNATIONAL,561932,1,17-AUG-20,17-AUG-20,20-AUG-20,08-FEB-21,04-DEC-20,04-DEC-20,2,"3,450.62","6,901.24","2,692.43","1,572.65",,250.56,869.22,,WABTEC BRASIL FABRICA플O E MANUTEN플O DE EQUIPAMENTOS LTDA.,AV. GENERAL DAVID SARNOFF,"CIDADE INDUSTRIAL, 4600","CONTAGEM/MG, 32210-110 - BR",
YT440159-804,418559 STEEL KIT,SV,YTS-INTERNATIONAL,561038,1,01-MAY-20,01-MAY-20,13-AUG-20,01-DEC-20,02-OCT-20,02-OCT-20,3,"3,416.48","10,249.44","2,665.80","1,572.65",,244.08,849.07,,WABTEC BRASIL FABRICA플O E MANUTEN플O DE EQUIPAMENTOS LTDA.,AV. GENERAL DAVID SARNOFF,"CIDADE INDUSTRIAL, 4600","CONTAGEM/MG, 32210-110 - BR",
YT440159-804,418559 STEEL KIT,SV,YTS-INTERNATIONAL,561040,1,01-MAY-20,01-MAY-20,13-AUG-20,11-DEC-20,09-OCT-20,09-OCT-20,1,"3,416.48","3,416.48","2,665.80","1,572.65",,244.08,849.07,,WABTEC BRASIL FABRICA플O E MANUTEN플O DE EQUIPAMENTOS LTDA.,AV. GENERAL DAVID SARNOFF,"CIDADE INDUSTRIAL, 4600","CONTAGEM/MG, 32210-110 - BR",
YT440159-804,418559 STEEL KIT,SV,YTS-INTERNATIONAL,561039,1,01-MAY-20,01-MAY-20,13-AUG-20,14-DEC-20,30-OCT-20,30-OCT-20,1,"3,416.48","3,416.48","2,665.80","1,572.65",,244.08,849.07,,WABTEC BRASIL FABRICA플O E MANUTEN플O DE EQUIPAMENTOS LTDA.,AV. GENERAL DAVID SARNOFF,"CIDADE INDUSTRIAL, 4600","CONTAGEM/MG, 32210-110 - BR",
YT440159-804,418559 STEEL KIT,SV,YTS-INTERNATIONAL,561917,1,13-AUG-20,13-AUG-20,18-AUG-20,03-FEB-21,04-DEC-20,04-DEC-20,2,"3,416.48","6,832.96","2,665.80","1,572.65",,244.08,849.07,,WABTEC BRASIL FABRICA플O E MANUTEN플O DE EQUIPAMENTOS LTDA.,AV. GENERAL DAVID SARNOFF,"CIDADE INDUSTRIAL, 4600","CONTAGEM/MG, 32210-110 - BR",
YT440159-804,418559 STEEL KIT,SV,YTS-INTERNATIONAL,561036,1,01-MAY-20,01-MAY-20,13-AUG-20,01-FEB-21,04-DEC-20,04-DEC-20,1,"3,416.48","3,416.48","2,665.80","1,572.65",,244.08,849.07,,WABTEC BRASIL FABRICA플O E MANUTEN플O DE EQUIPAMENTOS LTDA.,AV. GENERAL DAVID SARNOFF,"CIDADE INDUSTRIAL, 4600","CONTAGEM/MG, 32210-110 - BR",
YT440499-803,CORE YTF 085 YTF 085 - XP CRATE,3,YTS-INTERNATIONAL,560596,2,24-MAR-20,24-MAR-20,06-JUL-20,12-JAN-21,06-NOV-20,06-NOV-20,2,"11,936.57","23,873.14","9,471.26","6,414.97",,641.74,"2,414.55",,GE GLOBAL SOURCING INDIA PVT LTD,"NH-101/90, CHHARPRA TO MOHAMMADPUR ROAD","OPPOSITE HANUMAN MANDIR, VILLAGE/MAUZA","MARRHOWRA DIST,BIHAR - 841418  STATE CODE-10  - IN",
YT440499-803,CORE YTF 085 YTF 085 - XP CRATE,3,YTS-INTERNATIONAL,560916,1,20-APR-20,20-APR-20,06-JUL-20,28-JAN-21,04-DEC-20,04-DEC-20,12,"11,936.57","143,238.84","9,471.26","6,414.97",,641.74,"2,414.55",,GE GLOBAL SOURCING INDIA PVT LTD,"NH-101/90, CHHARPRA TO MOHAMMADPUR ROAD","OPPOSITE HANUMAN MANDIR, VILLAGE/MAUZA","MARRHOWRA DIST,BIHAR - 841418  STATE CODE-10  - IN",
YT442054-099.00,O-RING .188 VG292-75,DU,YTS-INTERNATIONAL,560773,1,07-APR-20,07-APR-20,04-AUG-20,27-NOV-20,02-OCT-20,02-OCT-20,32,93.18,"2,981.76",79.56,79.56,,,,,GE GLOBAL SOURCING INDIA PVT LTD,"NH-101/90, CHHARPRA TO MOHAMMADPUR ROAD","OPPOSITE HANUMAN MANDIR, VILLAGE/MAUZA","MARRHOWRA DIST,BIHAR - 841418  STATE CODE-10  - IN",
YT442054-099.00,O-RING .188 VG292-75,DU,YTS-INTERNATIONAL,560775,1,07-APR-20,07-APR-20,17-APR-20,03-FEB-21,04-DEC-20,04-DEC-20,12,93.18,"1,118.16",79.56,79.56,,,,,GE GLOBAL SOURCING INDIA PVT LTD,"NH-101/90, CHHARPRA TO MOHAMMADPUR ROAD","OPPOSITE HANUMAN MANDIR, VILLAGE/MAUZA","MARRHOWRA DIST,BIHAR - 841418  STATE CODE-10  - IN",
YT442054-099.00,O-RING .188 VG292-75,DU,YTS-INTERNATIONAL,560776,1,07-APR-20,07-APR-20,17-APR-20,19-FEB-21,18-DEC-20,18-DEC-20,8,93.18,745.44,79.56,79.56,,,,,GE GLOBAL SOURCING INDIA PVT LTD,"NH-101/90, CHHARPRA TO MOHAMMADPUR ROAD","OPPOSITE HANUMAN MANDIR, VILLAGE/MAUZA","MARRHOWRA DIST,BIHAR - 841418  STATE CODE-10  - IN",
YT442054-118.50,O-RING .188 VG292-75,DU,YTS-DOMESTIC,561527,1,22-JUN-20,22-JUN-20,23-JUN-20,21-SEP-20,17-SEP-20,17-SEP-20,4,135.00,540.00,70.83,70.83,,,,,"WABTEC TRANSPORTATION SYSTEMS, LLC",6300 MUIRFIELD DRIVE,"HANOVER PARK,IL 60133-5462 - US",,
YT442054-118.50,O-RING .188 VG292-75,DU,YTS-INTERNATIONAL,559346,1,12-DEC-19,12-DEC-19,18-AUG-20,20-NOV-20,18-SEP-20,18-SEP-20,40,90.78,"3,631.20",70.83,70.83,,,,,WABTEC BRASIL FABRICA플O E MANUTEN플O DE EQUIPAMENTOS LTDA.,AV. GENERAL DAVID SARNOFF,"CIDADE INDUSTRIAL, 4600","CONTAGEM/MG, 32210-110 - BR",
YT442054-118.50,O-RING .188 VG292-75,DU,YTS-INTERNATIONAL,559378,1,12-DEC-19,12-DEC-19,18-AUG-20,20-NOV-20,18-SEP-20,18-SEP-20,8,90.78,726.24,70.83,70.83,,,,,WABTEC BRASIL FABRICA플O E MANUTEN플O DE EQUIPAMENTOS LTDA.,AV. GENERAL DAVID SARNOFF,"CIDADE INDUSTRIAL, 4600","CONTAGEM/MG, 32210-110 - BR",
YT442054-177.50,O-RING .188 VG292-75,DU,YTS-INTERNATIONAL,560581,1,23-MAR-20,23-MAR-20,23-MAR-20,01-DEC-20,02-OCT-20,02-OCT-20,32,113.42,"3,629.44",96.28,96.28,,,,,GE GLOBAL SOURCING INDIA PVT LTD,"NH-101/90, CHHARPRA TO MOHAMMADPUR ROAD","OPPOSITE HANUMAN MANDIR, VILLAGE/MAUZA","MARRHOWRA DIST,BIHAR - 841418  STATE CODE-10  - IN",
YT442054-177.50,O-RING .188 VG292-75,DU,YTS-INTERNATIONAL,560583,1,23-MAR-20,23-MAR-20,23-MAR-20,28-JAN-21,04-DEC-20,04-DEC-20,32,113.42,"3,629.44",96.28,96.28,,,,,GE GLOBAL SOURCING INDIA PVT LTD,"NH-101/90, CHHARPRA TO MOHAMMADPUR ROAD","OPPOSITE HANUMAN MANDIR, VILLAGE/MAUZA","MARRHOWRA DIST,BIHAR - 841418  STATE CODE-10  - IN",
YT442183-810,GE T4 EVO S1 HYBRID CAC ATAAC W/WBIC XP PAL/PLY - FINAL ASSEMBLY,3,YTS-DOMESTIC,560813,1,08-APR-20,08-APR-20,21-AUG-20,27-AUG-20,21-AUG-20,21-AUG-20,1,"29,373.00","29,373.00","17,862.13","13,743.51",,860.36,"3,258.26",,"WABTEC TRANSPORTATION SYSTEMS, LLC",3601 MAIN AVE,BUILDING 63 EXPORT KITS,"Erie,PA 16510 - US",
YT442183-810,GE T4 EVO S1 HYBRID CAC ATAAC W/WBIC XP PAL/PLY - FINAL ASSEMBLY,3,YTS-DOMESTIC,560813,1,08-APR-20,21-AUG-20,21-AUG-20,27-AUG-20,21-AUG-20,21-AUG-20,1,"29,373.00","29,373.00","17,862.13","13,743.51",,860.36,"3,258.26",,"WABTEC TRANSPORTATION SYSTEMS, LLC",3601 MAIN AVE,BUILDING 63 EXPORT KITS,"Erie,PA 16510 - US",
YT442183-810,GE T4 EVO S1 HYBRID CAC ATAAC W/WBIC XP PAL/PLY - FINAL ASSEMBLY,3,YTS-DOMESTIC,560813,1,08-APR-20,21-AUG-20,21-AUG-20,27-AUG-20,21-AUG-20,21-AUG-20,1,"29,373.00","29,373.00","17,862.13","13,743.51",,860.36,"3,258.26",,"WABTEC TRANSPORTATION SYSTEMS, LLC",3601 MAIN AVE,BUILDING 63 EXPORT KITS,"Erie,PA 16510 - US",
YT442183-810,GE T4 EVO S1 HYBRID CAC ATAAC W/WBIC XP PAL/PLY - FINAL ASSEMBLY,3,YTS-DOMESTIC,560813,1,08-APR-20,21-AUG-20,21-AUG-20,27-AUG-20,21-AUG-20,21-AUG-20,1,"29,373.00","29,373.00","17,862.13","13,743.51",,860.36,"3,258.26",,"WABTEC TRANSPORTATION SYSTEMS, LLC",3601 MAIN AVE,BUILDING 63 EXPORT KITS,"Erie,PA 16510 - US",
YT442183-810,GE T4 EVO S1 HYBRID CAC ATAAC W/WBIC XP PAL/PLY - FINAL ASSEMBLY,3,YTS-DOMESTIC,560812,1,08-APR-20,08-APR-20,30-JUL-20,03-SEP-20,27-AUG-20,27-AUG-20,2,"29,373.00","58,746.00","17,862.13","13,743.51",,860.36,"3,258.26",,"WABTEC TRANSPORTATION SYSTEMS, LLC",3601 MAIN AVE,BUILDING 63 EXPORT KITS,"Erie,PA 16510 - US",
YT442183-810,GE T4 EVO S1 HYBRID CAC ATAAC W/WBIC XP PAL/PLY - FINAL ASSEMBLY,3,YTS-DOMESTIC,560812,2,08-APR-20,30-JUL-20,30-JUL-20,03-SEP-20,25-SEP-20,25-SEP-20,2,"29,373.00","58,746.00","17,862.13","13,743.51",,860.36,"3,258.26",,"WABTEC TRANSPORTATION SYSTEMS, LLC",3601 MAIN AVE,BUILDING 63 EXPORT KITS,"Erie,PA 16510 - US",
YT442183-815,GE T4 EVO S1 HYBRID CAC ATAAC W/WBIC RET SHIPP - FINAL ASSEMBLY,3,YTS-DOMESTIC,556879,1,06-MAY-19,06-MAY-19,29-JUL-20,02-SEP-20,28-AUG-20,28-AUG-20,1,"29,068.00","29,068.00","17,562.48","13,443.86",,860.36,"3,258.26",,"WABTEC TRANSPORTATION SYSTEMS, LLC",TEXAS LOCOMOTIVE MANUFACTURING,16201 THREE WIDE DRIVE,"Fort Worth,TX 76177 - US",
YT442184-810,GE T4 EVO S2 ATAAC SBRA 1011 XP PAL/PLY - FINAL ASSEMBLY,3,YTS-DOMESTIC,560810,1,08-APR-20,21-AUG-20,21-AUG-20,27-AUG-20,21-AUG-20,21-AUG-20,1,"22,309.00","22,309.00","14,995.65","11,033.26",,828.96,"3,133.44",,"WABTEC TRANSPORTATION SYSTEMS, LLC",3601 MAIN AVE,BUILDING 63 EXPORT KITS,"Erie,PA 16510 - US",
YT442184-810,GE T4 EVO S2 ATAAC SBRA 1011 XP PAL/PLY - FINAL ASSEMBLY,3,YTS-DOMESTIC,560810,1,08-APR-20,21-AUG-20,21-AUG-20,27-AUG-20,21-AUG-20,21-AUG-20,1,"22,309.00","22,309.00","14,995.65","11,033.26",,828.96,"3,133.44",,"WABTEC TRANSPORTATION SYSTEMS, LLC",3601 MAIN AVE,BUILDING 63 EXPORT KITS,"Erie,PA 16510 - US",
YT442184-810,GE T4 EVO S2 ATAAC SBRA 1011 XP PAL/PLY - FINAL ASSEMBLY,3,YTS-DOMESTIC,560810,1,08-APR-20,21-AUG-20,21-AUG-20,27-AUG-20,21-AUG-20,21-AUG-20,1,"22,309.00","22,309.00","14,995.65","11,033.26",,828.96,"3,133.44",,"WABTEC TRANSPORTATION SYSTEMS, LLC",3601 MAIN AVE,BUILDING 63 EXPORT KITS,"Erie,PA 16510 - US",
YT442184-810,GE T4 EVO S2 ATAAC SBRA 1011 XP PAL/PLY - FINAL ASSEMBLY,3,YTS-DOMESTIC,560810,1,08-APR-20,21-AUG-20,21-AUG-20,27-AUG-20,21-AUG-20,21-AUG-20,1,"22,309.00","22,309.00","14,995.65","11,033.26",,828.96,"3,133.44",,"WABTEC TRANSPORTATION SYSTEMS, LLC",3601 MAIN AVE,BUILDING 63 EXPORT KITS,"Erie,PA 16510 - US",
YT442184-810,GE T4 EVO S2 ATAAC SBRA 1011 XP PAL/PLY - FINAL ASSEMBLY,3,YTS-DOMESTIC,560810,1,08-APR-20,08-APR-20,21-AUG-20,27-AUG-20,21-AUG-20,21-AUG-20,1,"22,309.00","22,309.00","14,995.65","11,033.26",,828.96,"3,133.44",,"WABTEC TRANSPORTATION SYSTEMS, LLC",3601 MAIN AVE,BUILDING 63 EXPORT KITS,"Erie,PA 16510 - US",
YT442184-810,GE T4 EVO S2 ATAAC SBRA 1011 XP PAL/PLY - FINAL ASSEMBLY,3,YTS-DOMESTIC,560809,1,08-APR-20,08-APR-20,09-APR-20,03-SEP-20,28-AUG-20,28-AUG-20,5,"22,309.00","111,545.00","14,995.65","11,033.26",,828.96,"3,133.44",,"WABTEC TRANSPORTATION SYSTEMS, LLC",3601 MAIN AVE,BUILDING 63 EXPORT KITS,"Erie,PA 16510 - US",
YT442184-810,GE T4 EVO S2 ATAAC SBRA 1011 XP PAL/PLY - FINAL ASSEMBLY,3,YTS-DOMESTIC,561842,1,03-AUG-20,03-AUG-20,04-AUG-20,17-DEC-20,11-DEC-20,11-DEC-20,3,"22,309.00","66,927.00","14,995.65","11,033.26",,828.96,"3,133.44",,"WABTEC TRANSPORTATION SYSTEMS, LLC",3601 MAIN AVE,BUILDING 63 EXPORT KITS,"Erie,PA 16510 - US",
YT442184-815,GE T4 EVO S2 ATAAC SBRA 1011 RET SHIPP - FINAL ASSEMBLY,3,YTS-DOMESTIC,556783,1,25-APR-19,25-APR-19,28-MAY-20,10-SEP-20,04-SEP-20,04-SEP-20,4,"22,004.00","88,016.00","14,706.00","10,743.61",,828.96,"3,133.44",,"WABTEC TRANSPORTATION SYSTEMS, LLC",TEXAS LOCOMOTIVE MANUFACTURING,16201 THREE WIDE DRIVE,"Fort Worth,TX 76177 - US",
YT442184-815,GE T4 EVO S2 ATAAC SBRA 1011 RET SHIPP - FINAL ASSEMBLY,3,YTS-DOMESTIC,560303,1,27-FEB-20,27-FEB-20,13-JUL-20,28-SEP-20,23-SEP-20,23-SEP-20,4,"22,004.00","88,016.00","14,706.00","10,743.61",,828.96,"3,133.44",,"WABTEC TRANSPORTATION SYSTEMS, LLC",TEXAS LOCOMOTIVE MANUFACTURING,16201 THREE WIDE DRIVE,"Fort Worth,TX 76177 - US",
YT442184-815,GE T4 EVO S2 ATAAC SBRA 1011 RET SHIPP - FINAL ASSEMBLY,3,YTS-DOMESTIC,556878,1,06-MAY-19,06-MAY-19,16-JUL-20,20-OCT-20,16-OCT-20,16-OCT-20,4,"22,004.00","88,016.00","14,706.00","10,743.61",,828.96,"3,133.44",,"WABTEC TRANSPORTATION SYSTEMS, LLC",TEXAS LOCOMOTIVE MANUFACTURING,16201 THREE WIDE DRIVE,"Fort Worth,TX 76177 - US",
YT442184-815,GE T4 EVO S2 ATAAC SBRA 1011 RET SHIPP - FINAL ASSEMBLY,3,YTS-DOMESTIC,560268,1,25-FEB-20,25-FEB-20,28-JUL-20,02-NOV-20,30-OCT-20,30-OCT-20,2,"22,004.00","44,008.00","14,706.00","10,743.61",,828.96,"3,133.44",,"WABTEC TRANSPORTATION SYSTEMS, LLC",TEXAS LOCOMOTIVE MANUFACTURING,16201 THREE WIDE DRIVE,"Fort Worth,TX 76177 - US",
YT442954-811,CAT 794 ATAAC SBRA 1015 HIGH ALTITUDE - STD CRATE FINAL ASSEMBLY,3,YTS-DOMESTIC,561320,1,29-MAY-20,29-MAY-20,24-JUL-20,01-SEP-20,01-SEP-20,01-SEP-20,1,"11,900.00","13,477.00","8,549.42","5,567.59",,635.13,"2,346.69",0.00,CATERPILLAR INC,27TH & HUBBARD AVE DT1308,GATE 3 DOCK 8,"Decatur,IL 62526 - US",
YT442954-811,CAT 794 ATAAC SBRA 1015 HIGH ALTITUDE - STD CRATE FINAL ASSEMBLY,3,YTS-DOMESTIC,561320,2,29-MAY-20,26-JUN-20,24-JUL-20,09-SEP-20,09-SEP-20,09-SEP-20,2,"11,900.00","26,954.00","8,549.42","5,567.59",,635.13,"2,346.69",0.00,CATERPILLAR INC,27TH & HUBBARD AVE DT1308,GATE 3 DOCK 8,"Decatur,IL 62526 - US",
YT442954-811,CAT 794 ATAAC SBRA 1015 HIGH ALTITUDE - STD CRATE FINAL ASSEMBLY,3,YTS-DOMESTIC,561320,3,29-MAY-20,26-JUN-20,24-JUL-20,17-SEP-20,17-SEP-20,17-SEP-20,2,"11,900.00","26,954.00","8,549.42","5,567.59",,635.13,"2,346.69",0.00,CATERPILLAR INC,27TH & HUBBARD AVE DT1308,GATE 3 DOCK 8,"Decatur,IL 62526 - US",
YT442954-811,CAT 794 ATAAC SBRA 1015 HIGH ALTITUDE - STD CRATE FINAL ASSEMBLY,3,YTS-DOMESTIC,561320,4,29-MAY-20,28-JUL-20,14-AUG-20,14-OCT-20,14-OCT-20,14-OCT-20,1,"11,900.00","13,477.00","8,549.42","5,567.59",,635.13,"2,346.69",0.00,CATERPILLAR INC,27TH & HUBBARD AVE DT1308,GATE 3 DOCK 8,"Decatur,IL 62526 - US",
YT442954-811,CAT 794 ATAAC SBRA 1015 HIGH ALTITUDE - STD CRATE FINAL ASSEMBLY,3,YTS-DOMESTIC,561320,5,29-MAY-20,28-JUL-20,14-AUG-20,19-OCT-20,19-OCT-20,19-OCT-20,2,"11,900.00","26,954.00","8,549.42","5,567.59",,635.13,"2,346.69",0.00,CATERPILLAR INC,27TH & HUBBARD AVE DT1308,GATE 3 DOCK 8,"Decatur,IL 62526 - US",
YT442954-811,CAT 794 ATAAC SBRA 1015 HIGH ALTITUDE - STD CRATE FINAL ASSEMBLY,3,YTS-DOMESTIC,561320,6,29-MAY-20,12-AUG-20,14-AUG-20,22-OCT-20,22-OCT-20,22-OCT-20,2,"11,900.00","26,954.00","8,549.42","5,567.59",,635.13,"2,346.69",0.00,CATERPILLAR INC,27TH & HUBBARD AVE DT1308,GATE 3 DOCK 8,"Decatur,IL 62526 - US",
YT442954-811,CAT 794 ATAAC SBRA 1015 HIGH ALTITUDE - STD CRATE FINAL ASSEMBLY,3,YTS-DOMESTIC,561320,7,29-MAY-20,12-AUG-20,13-AUG-20,27-OCT-20,27-OCT-20,27-OCT-20,2,"11,900.00","26,954.00","8,549.42","5,567.59",,635.13,"2,346.69",0.00,CATERPILLAR INC,27TH & HUBBARD AVE DT1308,GATE 3 DOCK 8,"Decatur,IL 62526 - US",
YT442954-811,CAT 794 ATAAC SBRA 1015 HIGH ALTITUDE - STD CRATE FINAL ASSEMBLY,3,YTS-DOMESTIC,561320,8,29-MAY-20,12-AUG-20,13-AUG-20,30-OCT-20,30-OCT-20,30-OCT-20,2,"11,900.00","26,954.00","8,549.42","5,567.59",,635.13,"2,346.69",0.00,CATERPILLAR INC,27TH & HUBBARD AVE DT1308,GATE 3 DOCK 8,"Decatur,IL 62526 - US",
YT442954-811,CAT 794 ATAAC SBRA 1015 HIGH ALTITUDE - STD CRATE FINAL ASSEMBLY,3,YTS-DOMESTIC,561320,9,29-MAY-20,14-AUG-20,18-AUG-20,04-NOV-20,04-NOV-20,04-NOV-20,2,"11,900.00","26,954.00","8,549.42","5,567.59",,635.13,"2,346.69",0.00,CATERPILLAR INC,27TH & HUBBARD AVE DT1308,GATE 3 DOCK 8,"Decatur,IL 62526 - US",
YT442954-811,CAT 794 ATAAC SBRA 1015 HIGH ALTITUDE - STD CRATE FINAL ASSEMBLY,3,YTS-DOMESTIC,561320,10,29-MAY-20,18-AUG-20,20-AUG-20,09-NOV-20,09-NOV-20,09-NOV-20,2,"11,900.00","26,954.00","8,549.42","5,567.59",,635.13,"2,346.69",0.00,CATERPILLAR INC,27TH & HUBBARD AVE DT1308,GATE 3 DOCK 8,"Decatur,IL 62526 - US",
YT442967-807,GE RH EVO WET YTF 104 YTF 105 XP PAL/PLY VCI - FINAL ASSEMBLY,3,YTS-DOMESTIC,561810,1,29-JUL-20,29-JUL-20,30-JUL-20,01-DEC-20,25-NOV-20,25-NOV-20,1,"8,265.00","8,265.00","7,491.26","5,141.48",,492.24,"1,857.54",,"WABTEC TRANSPORTATION SYSTEMS, LLC",6300 MUIRFIELD DRIVE,"HANOVER PARK,IL 60133-5462 - US",,
YT442967-807,GE RH EVO WET YTF 104 YTF 105 XP PAL/PLY VCI - FINAL ASSEMBLY,3,YTS-DOMESTIC,561845,1,03-AUG-20,03-AUG-20,04-AUG-20,04-DEC-20,25-NOV-20,27-NOV-20,1,"8,265.00","8,265.00","7,491.26","5,141.48",,492.24,"1,857.54",,"WABTEC TRANSPORTATION SYSTEMS, LLC",6300 MUIRFIELD DRIVE,"HANOVER PARK,IL 60133-5462 - US",,
YT442967-807,GE RH EVO WET YTF 104 YTF 105 XP PAL/PLY VCI - FINAL ASSEMBLY,3,YTS-DOMESTIC,561908,1,13-AUG-20,13-AUG-20,18-AUG-20,14-DEC-20,11-DEC-20,11-DEC-20,1,"8,265.00","8,265.00","7,491.26","5,141.48",,492.24,"1,857.54",,"WABTEC TRANSPORTATION SYSTEMS, LLC",6300 MUIRFIELD DRIVE,"HANOVER PARK,IL 60133-5462 - US",,
YT442968-800,GE LH EVO WET YTF 104 YTF 105 STD PALLET - FINAL ASSEMBLY,3,YTS-DOMESTIC,561676,1,13-JUL-20,13-JUL-20,14-JUL-20,18-NOV-20,13-NOV-20,13-NOV-20,1,"7,865.00","7,865.00","7,356.74","5,122.11",,468.45,"1,766.18",,"WABTEC TRANSPORTATION SYSTEMS, LLC",TEXAS LOCOMOTIVE MANUFACTURING,16201 THREE WIDE DRIVE,"Fort Worth,TX 76177 - US",
YT442968-807,GE LH EVO WET YTF 104 YTF 105  XP PAL/PLY VCI - FINAL ASSEMBLY,3,YTS-DOMESTIC,561896,1,11-AUG-20,11-AUG-20,11-AUG-20,14-DEC-20,11-DEC-20,11-DEC-20,2,"8,231.00","16,462.00","7,495.21","5,145.44",,492.24,"1,857.54",,"WABTEC TRANSPORTATION SYSTEMS, LLC",6300 MUIRFIELD DRIVE,"HANOVER PARK,IL 60133-5462 - US",,
YT443000-810,GE T4 EVO A-SIDE RAD YTF 106 YTF 104 XP PAL/PLY - FINAL ASSEMBLY,3,YTS-DOMESTIC,561412,1,09-JUN-20,09-JUN-20,11-JUN-20,08-SEP-20,04-SEP-20,04-SEP-20,1,"11,168.00","11,168.00","8,683.94","6,254.55",,508.37,"1,921.02",,"WABTEC TRANSPORTATION SYSTEMS, LLC",6300 MUIRFIELD DRIVE,"HANOVER PARK,IL 60133-5462 - US",,
YT443000-810,GE T4 EVO A-SIDE RAD YTF 106 YTF 104 XP PAL/PLY - FINAL ASSEMBLY,3,YTS-DOMESTIC,561843,1,03-AUG-20,03-AUG-20,04-AUG-20,03-NOV-20,30-OCT-20,30-OCT-20,1,"11,168.00","11,168.00","8,683.94","6,254.55",,508.37,"1,921.02",,"WABTEC TRANSPORTATION SYSTEMS, LLC",6300 MUIRFIELD DRIVE,"HANOVER PARK,IL 60133-5462 - US",,
YT443000-810,GE T4 EVO A-SIDE RAD YTF 106 YTF 104 XP PAL/PLY - FINAL ASSEMBLY,3,YTS-DOMESTIC,561907,1,13-AUG-20,13-AUG-20,18-AUG-20,12-NOV-20,06-NOV-20,06-NOV-20,1,"11,168.00","11,168.00","8,683.94","6,254.55",,508.37,"1,921.02",,"WABTEC TRANSPORTATION SYSTEMS, LLC",6300 MUIRFIELD DRIVE,"HANOVER PARK,IL 60133-5462 - US",,
YT443000-815,GE T4 EVO A-SIDE RAD YTF 106 YTF 104 RET SHIPP - FINAL ASSEMBLY,3,YTS-DOMESTIC,560530,1,17-MAR-20,17-MAR-20,18-AUG-20,24-AUG-20,28-AUG-20,28-AUG-20,1,"11,010.00","11,010.00","8,484.69","6,055.30",,508.37,"1,921.02",,"WABTEC TRANSPORTATION SYSTEMS, LLC",TEXAS LOCOMOTIVE MANUFACTURING,16201 THREE WIDE DRIVE,"Fort Worth,TX 76177 - US",
YT443000-815,GE T4 EVO A-SIDE RAD YTF 106 YTF 104 RET SHIPP - FINAL ASSEMBLY,3,YTS-DOMESTIC,560565,1,20-MAR-20,20-MAR-20,18-AUG-20,01-SEP-20,04-SEP-20,04-SEP-20,2,"11,010.00","22,020.00","8,484.69","6,055.30",,508.37,"1,921.02",,"WABTEC TRANSPORTATION SYSTEMS, LLC",TEXAS LOCOMOTIVE MANUFACTURING,16201 THREE WIDE DRIVE,"Fort Worth,TX 76177 - US",
YT443000-815,GE T4 EVO A-SIDE RAD YTF 106 YTF 104 RET SHIPP - FINAL ASSEMBLY,3,YTS-DOMESTIC,561343,1,01-JUN-20,01-JUN-20,02-JUN-20,10-SEP-20,04-SEP-20,04-SEP-20,1,"11,010.00","11,010.00","8,484.69","6,055.30",,508.37,"1,921.02",,"WABTEC TRANSPORTATION SYSTEMS, LLC",TEXAS LOCOMOTIVE MANUFACTURING,16201 THREE WIDE DRIVE,"Fort Worth,TX 76177 - US",
YT443000-815,GE T4 EVO A-SIDE RAD YTF 106 YTF 104 RET SHIPP - FINAL ASSEMBLY,3,YTS-DOMESTIC,561379,1,04-JUN-20,04-JUN-20,09-JUN-20,14-SEP-20,11-SEP-20,11-SEP-20,2,"11,010.00","22,020.00","8,484.69","6,055.30",,508.37,"1,921.02",,"WABTEC TRANSPORTATION SYSTEMS, LLC",TEXAS LOCOMOTIVE MANUFACTURING,16201 THREE WIDE DRIVE,"Fort Worth,TX 76177 - US",
YT443000-815,GE T4 EVO A-SIDE RAD YTF 106 YTF 104 RET SHIPP - FINAL ASSEMBLY,3,YTS-DOMESTIC,561424,1,09-JUN-20,09-JUN-20,11-JUN-20,18-SEP-20,11-SEP-20,11-SEP-20,1,"11,010.00","11,010.00","8,484.69","6,055.30",,508.37,"1,921.02",,"WABTEC TRANSPORTATION SYSTEMS, LLC",TEXAS LOCOMOTIVE MANUFACTURING,16201 THREE WIDE DRIVE,"Fort Worth,TX 76177 - US",
YT443000-815,GE T4 EVO A-SIDE RAD YTF 106 YTF 104 RET SHIPP - FINAL ASSEMBLY,3,YTS-DOMESTIC,561456,1,12-JUN-20,12-JUN-20,17-JUN-20,23-SEP-20,16-SEP-20,16-SEP-20,2,"11,010.00","22,020.00","8,484.69","6,055.30",,508.37,"1,921.02",,"WABTEC TRANSPORTATION SYSTEMS, LLC",TEXAS LOCOMOTIVE MANUFACTURING,16201 THREE WIDE DRIVE,"Fort Worth,TX 76177 - US",
YT443000-815,GE T4 EVO A-SIDE RAD YTF 106 YTF 104 RET SHIPP - FINAL ASSEMBLY,3,YTS-DOMESTIC,561542,1,24-JUN-20,24-JUN-20,18-AUG-20,29-SEP-20,30-SEP-20,30-SEP-20,1,"11,010.00","11,010.00","8,484.69","6,055.30",,508.37,"1,921.02",,"WABTEC TRANSPORTATION SYSTEMS, LLC",TEXAS LOCOMOTIVE MANUFACTURING,16201 THREE WIDE DRIVE,"Fort Worth,TX 76177 - US",
YT443000-815,GE T4 EVO A-SIDE RAD YTF 106 YTF 104 RET SHIPP - FINAL ASSEMBLY,3,YTS-DOMESTIC,561599,1,01-JUL-20,01-JUL-20,18-AUG-20,05-OCT-20,02-OCT-20,02-OCT-20,1,"11,010.00","11,010.00","8,484.69","6,055.30",,508.37,"1,921.02",,"WABTEC TRANSPORTATION SYSTEMS, LLC",TEXAS LOCOMOTIVE MANUFACTURING,16201 THREE WIDE DRIVE,"Fort Worth,TX 76177 - US",
YT443000-815,GE T4 EVO A-SIDE RAD YTF 106 YTF 104 RET SHIPP - FINAL ASSEMBLY,3,YTS-DOMESTIC,561667,1,10-JUL-20,10-JUL-20,14-JUL-20,20-OCT-20,15-OCT-20,15-OCT-20,2,"11,010.00","22,020.00","8,484.69","6,055.30",,508.37,"1,921.02",,"WABTEC TRANSPORTATION SYSTEMS, LLC",TEXAS LOCOMOTIVE MANUFACTURING,16201 THREE WIDE DRIVE,"Fort Worth,TX 76177 - US",
YT443000-815,GE T4 EVO A-SIDE RAD YTF 106 YTF 104 RET SHIPP - FINAL ASSEMBLY,3,YTS-DOMESTIC,561692,1,15-JUL-20,15-JUL-20,16-JUL-20,23-OCT-20,16-OCT-20,16-OCT-20,1,"11,010.00","11,010.00","8,484.69","6,055.30",,508.37,"1,921.02",,"WABTEC TRANSPORTATION SYSTEMS, LLC",TEXAS LOCOMOTIVE MANUFACTURING,16201 THREE WIDE DRIVE,"Fort Worth,TX 76177 - US",
YT443000-815,GE T4 EVO A-SIDE RAD YTF 106 YTF 104 RET SHIPP - FINAL ASSEMBLY,3,YTS-DOMESTIC,561747,1,22-JUL-20,22-JUL-20,23-JUL-20,28-OCT-20,23-OCT-20,23-OCT-20,1,"11,010.00","11,010.00","8,484.69","6,055.30",,508.37,"1,921.02",,"WABTEC TRANSPORTATION SYSTEMS, LLC",TEXAS LOCOMOTIVE MANUFACTURING,16201 THREE WIDE DRIVE,"Fort Worth,TX 76177 - US",
YT443000-815,GE T4 EVO A-SIDE RAD YTF 106 YTF 104 RET SHIPP - FINAL ASSEMBLY,3,YTS-DOMESTIC,561770,1,24-JUL-20,24-JUL-20,28-JUL-20,02-NOV-20,30-OCT-20,30-OCT-20,1,"11,010.00","11,010.00","8,484.69","6,055.30",,508.37,"1,921.02",,"WABTEC TRANSPORTATION SYSTEMS, LLC",TEXAS LOCOMOTIVE MANUFACTURING,16201 THREE WIDE DRIVE,"Fort Worth,TX 76177 - US",
YT443000-815,GE T4 EVO A-SIDE RAD YTF 106 YTF 104 RET SHIPP - FINAL ASSEMBLY,3,YTS-DOMESTIC,561812,1,29-JUL-20,29-JUL-20,30-JUL-20,06-NOV-20,30-OCT-20,30-OCT-20,1,"11,010.00","11,010.00","8,484.69","6,055.30",,508.37,"1,921.02",,"WABTEC TRANSPORTATION SYSTEMS, LLC",TEXAS LOCOMOTIVE MANUFACTURING,16201 THREE WIDE DRIVE,"Fort Worth,TX 76177 - US",
YT443000-815,GE T4 EVO A-SIDE RAD YTF 106 YTF 104 RET SHIPP - FINAL ASSEMBLY,3,YTS-DOMESTIC,561906,1,13-AUG-20,13-AUG-20,18-AUG-20,06-NOV-20,30-OCT-20,30-OCT-20,1,"11,010.00","11,010.00","8,484.69","6,055.30",,508.37,"1,921.02",,"WABTEC TRANSPORTATION SYSTEMS, LLC",TEXAS LOCOMOTIVE MANUFACTURING,16201 THREE WIDE DRIVE,"Fort Worth,TX 76177 - US",
YT443001-810,GE T4 EVO B-SIDE RAD YTF 106 YTF 104 XP PAL/PLY - FINAL ASSEMBLY,3,YTS-DOMESTIC,561413,1,09-JUN-20,09-JUN-20,11-JUN-20,08-SEP-20,04-SEP-20,04-SEP-20,1,"11,032.00","11,032.00","8,505.90","6,125.86",,498.10,"1,881.94",,"WABTEC TRANSPORTATION SYSTEMS, LLC",6300 MUIRFIELD DRIVE,"HANOVER PARK,IL 60133-5462 - US",,
YT443001-810,GE T4 EVO B-SIDE RAD YTF 106 YTF 104 XP PAL/PLY - FINAL ASSEMBLY,3,YTS-DOMESTIC,561675,1,13-JUL-20,13-JUL-20,14-JUL-20,12-OCT-20,09-OCT-20,09-OCT-20,1,"11,032.00","11,032.00","8,505.90","6,125.86",,498.10,"1,881.94",,"WABTEC TRANSPORTATION SYSTEMS, LLC",6300 MUIRFIELD DRIVE,"HANOVER PARK,IL 60133-5462 - US",,
YT443001-810,GE T4 EVO B-SIDE RAD YTF 106 YTF 104 XP PAL/PLY - FINAL ASSEMBLY,3,YTS-DOMESTIC,561753,1,22-JUL-20,22-JUL-20,23-JUL-20,21-OCT-20,16-OCT-20,16-OCT-20,1,"11,032.00","11,032.00","8,505.90","6,125.86",,498.10,"1,881.94",,"WABTEC TRANSPORTATION SYSTEMS, LLC",6300 MUIRFIELD DRIVE,"HANOVER PARK,IL 60133-5462 - US",,
YT443001-810,GE T4 EVO B-SIDE RAD YTF 106 YTF 104 XP PAL/PLY - FINAL ASSEMBLY,3,YTS-DOMESTIC,561717,1,17-JUL-20,17-JUL-20,21-JUL-20,19-OCT-20,16-OCT-20,16-OCT-20,1,"11,032.00","11,032.00","8,505.90","6,125.86",,498.10,"1,881.94",,"WABTEC TRANSPORTATION SYSTEMS, LLC",6300 MUIRFIELD DRIVE,"HANOVER PARK,IL 60133-5462 - US",,
YT443001-815,GE T4 EVO B-SIDE RAD YTF 106 YTF 104 RET SHIPP - FINAL ASSEMBLY,3,YTS-DOMESTIC,560531,1,17-MAR-20,17-MAR-20,23-APR-20,02-SEP-20,28-AUG-20,28-AUG-20,1,"10,874.00","10,874.00","8,306.65","5,926.61",,498.10,"1,881.94",,"WABTEC TRANSPORTATION SYSTEMS, LLC",TEXAS LOCOMOTIVE MANUFACTURING,16201 THREE WIDE DRIVE,"Fort Worth,TX 76177 - US",
YT443001-815,GE T4 EVO B-SIDE RAD YTF 106 YTF 104 RET SHIPP - FINAL ASSEMBLY,3,YTS-DOMESTIC,561344,1,01-JUN-20,01-JUN-20,02-JUN-20,10-SEP-20,04-SEP-20,04-SEP-20,1,"10,874.00","10,874.00","8,306.65","5,926.61",,498.10,"1,881.94",,"WABTEC TRANSPORTATION SYSTEMS, LLC",TEXAS LOCOMOTIVE MANUFACTURING,16201 THREE WIDE DRIVE,"Fort Worth,TX 76177 - US",
YT443001-815,GE T4 EVO B-SIDE RAD YTF 106 YTF 104 RET SHIPP - FINAL ASSEMBLY,3,YTS-DOMESTIC,560564,1,20-MAR-20,20-MAR-20,16-JUL-20,03-SEP-20,04-SEP-20,04-SEP-20,2,"10,874.00","21,748.00","8,306.65","5,926.61",,498.10,"1,881.94",,"WABTEC TRANSPORTATION SYSTEMS, LLC",TEXAS LOCOMOTIVE MANUFACTURING,16201 THREE WIDE DRIVE,"Fort Worth,TX 76177 - US",
YT443001-815,GE T4 EVO B-SIDE RAD YTF 106 YTF 104 RET SHIPP - FINAL ASSEMBLY,3,YTS-DOMESTIC,561380,1,04-JUN-20,04-JUN-20,09-JUN-20,14-SEP-20,11-SEP-20,11-SEP-20,2,"10,874.00","21,748.00","8,306.65","5,926.61",,498.10,"1,881.94",,"WABTEC TRANSPORTATION SYSTEMS, LLC",TEXAS LOCOMOTIVE MANUFACTURING,16201 THREE WIDE DRIVE,"Fort Worth,TX 76177 - US",
YT443001-815,GE T4 EVO B-SIDE RAD YTF 106 YTF 104 RET SHIPP - FINAL ASSEMBLY,3,YTS-DOMESTIC,561425,1,09-JUN-20,09-JUN-20,11-JUN-20,18-SEP-20,11-SEP-20,11-SEP-20,1,"10,874.00","10,874.00","8,306.65","5,926.61",,498.10,"1,881.94",,"WABTEC TRANSPORTATION SYSTEMS, LLC",TEXAS LOCOMOTIVE MANUFACTURING,16201 THREE WIDE DRIVE,"Fort Worth,TX 76177 - US",
YT443001-815,GE T4 EVO B-SIDE RAD YTF 106 YTF 104 RET SHIPP - FINAL ASSEMBLY,3,YTS-DOMESTIC,561455,1,12-JUN-20,12-JUN-20,17-JUN-20,23-SEP-20,16-SEP-20,16-SEP-20,2,"10,874.00","21,748.00","8,306.65","5,926.61",,498.10,"1,881.94",,"WABTEC TRANSPORTATION SYSTEMS, LLC",TEXAS LOCOMOTIVE MANUFACTURING,16201 THREE WIDE DRIVE,"Fort Worth,TX 76177 - US",
YT443001-815,GE T4 EVO B-SIDE RAD YTF 106 YTF 104 RET SHIPP - FINAL ASSEMBLY,3,YTS-DOMESTIC,561541,1,24-JUN-20,24-JUN-20,25-JUN-20,05-OCT-20,30-SEP-20,30-SEP-20,1,"10,874.00","10,874.00","8,306.65","5,926.61",,498.10,"1,881.94",,"WABTEC TRANSPORTATION SYSTEMS, LLC",TEXAS LOCOMOTIVE MANUFACTURING,16201 THREE WIDE DRIVE,"Fort Worth,TX 76177 - US",
YT443001-815,GE T4 EVO B-SIDE RAD YTF 106 YTF 104 RET SHIPP - FINAL ASSEMBLY,3,YTS-DOMESTIC,561600,1,01-JUL-20,01-JUL-20,02-JUL-20,12-OCT-20,09-OCT-20,09-OCT-20,1,"10,874.00","10,874.00","8,306.65","5,926.61",,498.10,"1,881.94",,"WABTEC TRANSPORTATION SYSTEMS, LLC",TEXAS LOCOMOTIVE MANUFACTURING,16201 THREE WIDE DRIVE,"Fort Worth,TX 76177 - US",
YT443001-815,GE T4 EVO B-SIDE RAD YTF 106 YTF 104 RET SHIPP - FINAL ASSEMBLY,3,YTS-DOMESTIC,561666,1,10-JUL-20,10-JUL-20,14-JUL-20,20-OCT-20,15-OCT-20,15-OCT-20,2,"10,874.00","21,748.00","8,306.65","5,926.61",,498.10,"1,881.94",,"WABTEC TRANSPORTATION SYSTEMS, LLC",TEXAS LOCOMOTIVE MANUFACTURING,16201 THREE WIDE DRIVE,"Fort Worth,TX 76177 - US",
YT443001-815,GE T4 EVO B-SIDE RAD YTF 106 YTF 104 RET SHIPP - FINAL ASSEMBLY,3,YTS-DOMESTIC,561693,1,15-JUL-20,15-JUL-20,16-JUL-20,23-OCT-20,16-OCT-20,16-OCT-20,1,"10,874.00","10,874.00","8,306.65","5,926.61",,498.10,"1,881.94",,"WABTEC TRANSPORTATION SYSTEMS, LLC",TEXAS LOCOMOTIVE MANUFACTURING,16201 THREE WIDE DRIVE,"Fort Worth,TX 76177 - US",
YT443001-815,GE T4 EVO B-SIDE RAD YTF 106 YTF 104 RET SHIPP - FINAL ASSEMBLY,3,YTS-DOMESTIC,561746,1,22-JUL-20,22-JUL-20,23-JUL-20,28-OCT-20,23-OCT-20,23-OCT-20,1,"10,874.00","10,874.00","8,306.65","5,926.61",,498.10,"1,881.94",,"WABTEC TRANSPORTATION SYSTEMS, LLC",TEXAS LOCOMOTIVE MANUFACTURING,16201 THREE WIDE DRIVE,"Fort Worth,TX 76177 - US",
YT443001-815,GE T4 EVO B-SIDE RAD YTF 106 YTF 104 RET SHIPP - FINAL ASSEMBLY,3,YTS-DOMESTIC,561811,1,29-JUL-20,29-JUL-20,30-JUL-20,06-NOV-20,30-OCT-20,30-OCT-20,1,"10,874.00","10,874.00","8,306.65","5,926.61",,498.10,"1,881.94",,"WABTEC TRANSPORTATION SYSTEMS, LLC",TEXAS LOCOMOTIVE MANUFACTURING,16201 THREE WIDE DRIVE,"Fort Worth,TX 76177 - US",
YT443001-815,GE T4 EVO B-SIDE RAD YTF 106 YTF 104 RET SHIPP - FINAL ASSEMBLY,3,YTS-DOMESTIC,561771,1,24-JUL-20,24-JUL-20,28-JUL-20,02-NOV-20,30-OCT-20,30-OCT-20,1,"10,874.00","10,874.00","8,306.65","5,926.61",,498.10,"1,881.94",,"WABTEC TRANSPORTATION SYSTEMS, LLC",TEXAS LOCOMOTIVE MANUFACTURING,16201 THREE WIDE DRIVE,"Fort Worth,TX 76177 - US",
YT443658-803,CAT 797F ATAAC SBRA 1015 FLOATING PUSHPAD XP CRATE - FINAL ASSEMBLY,3,YTS-PARTS-DOMESTIC,561443,3,11-JUN-20,21-AUG-20,21-AUG-20,25-AUG-20,25-AUG-20,25-AUG-20,1,"10,260.00","11,713.00","6,972.15","4,545.09",,511.15,"1,915.91",0.00,CATERPILLAR INC,CLAYTON OHIO INBOUND PROCESSING CTR,6611 HOKE ROAD,"Clayton,OH 45315 - US",
YT443658-803,CAT 797F ATAAC SBRA 1015 FLOATING PUSHPAD XP CRATE - FINAL ASSEMBLY,3,YTS-PARTS-DOMESTIC,561443,3,11-JUN-20,30-JUN-20,21-AUG-20,25-AUG-20,25-AUG-20,25-AUG-20,1,"10,260.00","11,713.00","6,972.15","4,545.09",,511.15,"1,915.91",0.00,CATERPILLAR INC,CLAYTON OHIO INBOUND PROCESSING CTR,6611 HOKE ROAD,"Clayton,OH 45315 - US",
YT443658-803,CAT 797F ATAAC SBRA 1015 FLOATING PUSHPAD XP CRATE - FINAL ASSEMBLY,3,YTS-PARTS-DOMESTIC,561443,4,11-JUN-20,07-JUL-20,24-JUL-20,01-SEP-20,01-SEP-20,01-SEP-20,6,"10,260.00","70,278.00","6,972.15","4,545.09",,511.15,"1,915.91",0.00,CATERPILLAR INC,CLAYTON OHIO INBOUND PROCESSING CTR,6611 HOKE ROAD,"Clayton,OH 45315 - US",
YT444105-811,CAT 797F SBRA 1015 ATAAC OUTBOARD STD CRATE - FINAL ASSEMBLY,3,YTS-PARTS-DOMESTIC,561763,1,23-JUL-20,23-JUL-20,13-AUG-20,27-OCT-20,27-OCT-20,27-OCT-20,25,"8,565.00","230,725.00","4,853.92","2,996.73",,395.64,"1,461.54",0.00,CATERPILLAR INC,CLAYTON OHIO INBOUND PROCESSING CTR,6611 HOKE ROAD,"Clayton,OH 45315 - US",
YT444106-811,CAT 797F SBRA 1015 ATAAC INBOARD STD CRATE - FINAL ASSEMBLY,3,YTS-PARTS-DOMESTIC,561762,1,23-JUL-20,23-JUL-20,13-AUG-20,27-OCT-20,27-OCT-20,27-OCT-20,25,"8,967.00","240,725.00","4,950.65","3,011.70",,415.10,"1,523.84",0.00,CATERPILLAR INC,CLAYTON OHIO INBOUND PROCESSING CTR,6611 HOKE ROAD,"Clayton,OH 45315 - US",
YT444926-807,GE IR45 RAD YTF 085 YTF 085 XP PAL/PLY VCI - FINAL ASSEMBLY,3,YTS-DOMESTIC,561349,1,01-JUN-20,01-JUN-20,01-JUL-20,23-OCT-20,16-OCT-20,16-OCT-20,1,"28,672.00","28,672.00","13,397.15","8,034.99",,"1,157.82","4,204.33",,"WABTEC TRANSPORTATION SYSTEMS, LLC",3601 MAIN AVE,BUILDING 63 EXPORT KITS,"Erie,PA 16510 - US",
YT444926-807,GE IR45 RAD YTF 085 YTF 085 XP PAL/PLY VCI - FINAL ASSEMBLY,3,YTS-DOMESTIC,561350,1,01-JUN-20,01-JUN-20,19-JUN-20,30-OCT-20,23-OCT-20,23-OCT-20,1,"28,672.00","28,672.00","13,397.15","8,034.99",,"1,157.82","4,204.33",,"WABTEC TRANSPORTATION SYSTEMS, LLC",3601 MAIN AVE,BUILDING 63 EXPORT KITS,"Erie,PA 16510 - US",
YT445661-803,CORE YTF 094 YTF 096 FB 84.56 38.12 - XP CRATE,3,YTS-INTERNATIONAL,560593,1,24-MAR-20,24-MAR-20,18-AUG-20,04-DEC-20,04-SEP-20,04-SEP-20,18,"5,306.02","95,508.36","4,213.74","2,736.25",,307.39,"1,170.10",,GE GLOBAL SOURCING INDIA PVT LTD,"NH-101/90, CHHARPRA TO MOHAMMADPUR ROAD","OPPOSITE HANUMAN MANDIR, VILLAGE/MAUZA","MARRHOWRA DIST,BIHAR - 841418  STATE CODE-10  - IN",
YT445661-803,CORE YTF 094 YTF 096 FB 84.56 38.12 - XP CRATE,3,YTS-INTERNATIONAL,560614,1,25-MAR-20,25-MAR-20,24-APR-20,11-FEB-21,11-DEC-20,11-DEC-20,18,"5,306.02","95,508.36","4,213.74","2,736.25",,307.39,"1,170.10",,GE GLOBAL SOURCING INDIA PVT LTD,"NH-101/90, CHHARPRA TO MOHAMMADPUR ROAD","OPPOSITE HANUMAN MANDIR, VILLAGE/MAUZA","MARRHOWRA DIST,BIHAR - 841418  STATE CODE-10  - IN",
YT446114-811,CAT 794 ATAAC SBRA 1015 FLOATING PUSHPAD STD CRATE - FINAL ASSEMBLY,3,YTS-DOMESTIC,560049,14,06-MAR-20,04-JUN-20,21-AUG-20,21-AUG-20,21-AUG-20,21-AUG-20,1,"10,648.00","12,030.00","7,314.06","4,609.05",,574.58,"2,130.42",0.00,CATERPILLAR INC,27TH & HUBBARD AVE DT1308,GATE 3 DOCK 8,"Decatur,IL 62526 - US",
YT446114-811,CAT 794 ATAAC SBRA 1015 FLOATING PUSHPAD STD CRATE - FINAL ASSEMBLY,3,YTS-DOMESTIC,560049,14,06-MAR-20,21-AUG-20,21-AUG-20,21-AUG-20,21-AUG-20,21-AUG-20,1,"10,648.00","12,030.00","7,314.06","4,609.05",,574.58,"2,130.42",0.00,CATERPILLAR INC,27TH & HUBBARD AVE DT1308,GATE 3 DOCK 8,"Decatur,IL 62526 - US",
YT446114-811,CAT 794 ATAAC SBRA 1015 FLOATING PUSHPAD STD CRATE - FINAL ASSEMBLY,3,YTS-DOMESTIC,560049,15,06-MAR-20,11-JUN-20,24-JUL-20,09-SEP-20,09-SEP-20,09-SEP-20,2,"10,648.00","24,060.00","7,314.06","4,609.05",,574.58,"2,130.42",0.00,CATERPILLAR INC,27TH & HUBBARD AVE DT1308,GATE 3 DOCK 8,"Decatur,IL 62526 - US",
YT446114-811,CAT 794 ATAAC SBRA 1015 FLOATING PUSHPAD STD CRATE - FINAL ASSEMBLY,3,YTS-DOMESTIC,560049,17,06-MAR-20,26-JUN-20,24-JUL-20,17-SEP-20,17-SEP-20,17-SEP-20,2,"10,648.00","24,060.00","7,314.06","4,609.05",,574.58,"2,130.42",0.00,CATERPILLAR INC,27TH & HUBBARD AVE DT1308,GATE 3 DOCK 8,"Decatur,IL 62526 - US",
YT446114-811,CAT 794 ATAAC SBRA 1015 FLOATING PUSHPAD STD CRATE - FINAL ASSEMBLY,3,YTS-DOMESTIC,560049,18,06-MAR-20,07-JUL-20,24-JUL-20,25-SEP-20,25-SEP-20,25-SEP-20,2,"10,648.00","24,060.00","7,314.06","4,609.05",,574.58,"2,130.42",0.00,CATERPILLAR INC,27TH & HUBBARD AVE DT1308,GATE 3 DOCK 8,"Decatur,IL 62526 - US",
YT446114-811,CAT 794 ATAAC SBRA 1015 FLOATING PUSHPAD STD CRATE - FINAL ASSEMBLY,3,YTS-DOMESTIC,560049,25,06-MAR-20,21-AUG-20,21-AUG-20,28-SEP-20,28-SEP-20,28-SEP-20,1,"10,648.00","12,030.00","7,314.06","4,609.05",,574.58,"2,130.42",0.00,CATERPILLAR INC,27TH & HUBBARD AVE DT1308,GATE 3 DOCK 8,"Decatur,IL 62526 - US",
YT446114-811,CAT 794 ATAAC SBRA 1015 FLOATING PUSHPAD STD CRATE - FINAL ASSEMBLY,3,YTS-DOMESTIC,560049,19,06-MAR-20,14-JUL-20,24-JUL-20,02-OCT-20,02-OCT-20,02-OCT-20,2,"10,648.00","24,060.00","7,314.06","4,609.05",,574.58,"2,130.42",0.00,CATERPILLAR INC,27TH & HUBBARD AVE DT1308,GATE 3 DOCK 8,"Decatur,IL 62526 - US",
YT446114-811,CAT 794 ATAAC SBRA 1015 FLOATING PUSHPAD STD CRATE - FINAL ASSEMBLY,3,YTS-DOMESTIC,560049,20,06-MAR-20,20-JUL-20,24-JUL-20,09-OCT-20,09-OCT-20,09-OCT-20,2,"10,648.00","24,060.00","7,314.06","4,609.05",,574.58,"2,130.42",0.00,CATERPILLAR INC,27TH & HUBBARD AVE DT1308,GATE 3 DOCK 8,"Decatur,IL 62526 - US",
YT446114-811,CAT 794 ATAAC SBRA 1015 FLOATING PUSHPAD STD CRATE - FINAL ASSEMBLY,3,YTS-DOMESTIC,560049,21,06-MAR-20,28-JUL-20,30-JUL-20,16-OCT-20,16-OCT-20,16-OCT-20,2,"10,648.00","24,060.00","7,314.06","4,609.05",,574.58,"2,130.42",0.00,CATERPILLAR INC,27TH & HUBBARD AVE DT1308,GATE 3 DOCK 8,"Decatur,IL 62526 - US",
YT446114-811,CAT 794 ATAAC SBRA 1015 FLOATING PUSHPAD STD CRATE - FINAL ASSEMBLY,3,YTS-DOMESTIC,560049,22,06-MAR-20,04-AUG-20,21-AUG-20,23-OCT-20,23-OCT-20,23-OCT-20,2,"10,648.00","24,060.00","7,314.06","4,609.05",,574.58,"2,130.42",0.00,CATERPILLAR INC,27TH & HUBBARD AVE DT1308,GATE 3 DOCK 8,"Decatur,IL 62526 - US",
YT446114-811,CAT 794 ATAAC SBRA 1015 FLOATING PUSHPAD STD CRATE - FINAL ASSEMBLY,3,YTS-DOMESTIC,560049,23,06-MAR-20,14-AUG-20,18-AUG-20,30-OCT-20,30-OCT-20,30-OCT-20,2,"10,648.00","24,060.00","7,314.06","4,609.05",,574.58,"2,130.42",0.00,CATERPILLAR INC,27TH & HUBBARD AVE DT1308,GATE 3 DOCK 8,"Decatur,IL 62526 - US",
YT446114-811,CAT 794 ATAAC SBRA 1015 FLOATING PUSHPAD STD CRATE - FINAL ASSEMBLY,3,YTS-DOMESTIC,560049,24,06-MAR-20,14-AUG-20,18-AUG-20,05-NOV-20,05-NOV-20,05-NOV-20,2,"10,648.00","24,060.00","7,314.06","4,609.05",,574.58,"2,130.42",0.00,CATERPILLAR INC,27TH & HUBBARD AVE DT1308,GATE 3 DOCK 8,"Decatur,IL 62526 - US",
YT446367-800,GE RH BANK KAZ-EVO VG292 STD PALLET FINAL ASSEMBLY,3,YTS-DOMESTIC,560217,1,21-FEB-20,21-FEB-20,07-JUL-20,31-AUG-20,28-AUG-20,28-AUG-20,1,"19,287.00","19,287.00","11,152.43","6,868.76",,900.09,"3,383.58",,"WABTEC TRANSPORTATION SYSTEMS, LLC",BUILDING 12-1,901 FRANKLIN AVENUE,"Erie,PA 16531 - US",
YT446367-800,GE RH BANK KAZ-EVO VG292 STD PALLET FINAL ASSEMBLY,3,YTS-DOMESTIC,560218,1,21-FEB-20,21-FEB-20,16-JUL-20,08-SEP-20,04-SEP-20,04-SEP-20,1,"19,287.00","19,287.00","11,152.43","6,868.76",,900.09,"3,383.58",,"WABTEC TRANSPORTATION SYSTEMS, LLC",BUILDING 12-1,901 FRANKLIN AVENUE,"Erie,PA 16531 - US",
YT446367-800,GE RH BANK KAZ-EVO VG292 STD PALLET FINAL ASSEMBLY,3,YTS-DOMESTIC,560219,1,21-FEB-20,21-FEB-20,28-JUL-20,10-SEP-20,11-SEP-20,11-SEP-20,1,"19,287.00","19,287.00","11,152.43","6,868.76",,900.09,"3,383.58",,"WABTEC TRANSPORTATION SYSTEMS, LLC",BUILDING 12-1,901 FRANKLIN AVENUE,"Erie,PA 16531 - US",
YT446367-800,GE RH BANK KAZ-EVO VG292 STD PALLET FINAL ASSEMBLY,3,YTS-DOMESTIC,560215,1,21-FEB-20,21-FEB-20,28-JUL-20,18-SEP-20,18-SEP-20,18-SEP-20,1,"19,287.00","19,287.00","11,152.43","6,868.76",,900.09,"3,383.58",,"WABTEC TRANSPORTATION SYSTEMS, LLC",BUILDING 12-1,901 FRANKLIN AVENUE,"Erie,PA 16531 - US",
YT446367-800,GE RH BANK KAZ-EVO VG292 STD PALLET FINAL ASSEMBLY,3,YTS-DOMESTIC,560367,1,03-MAR-20,03-MAR-20,05-MAR-20,28-SEP-20,25-SEP-20,25-SEP-20,1,"19,287.00","19,287.00","11,152.43","6,868.76",,900.09,"3,383.58",,"WABTEC TRANSPORTATION SYSTEMS, LLC",BUILDING 12-1,901 FRANKLIN AVENUE,"Erie,PA 16531 - US",
YT446367-800,GE RH BANK KAZ-EVO VG292 STD PALLET FINAL ASSEMBLY,3,YTS-DOMESTIC,560502,1,16-MAR-20,16-MAR-20,17-MAR-20,30-SEP-20,25-SEP-20,25-SEP-20,1,"19,287.00","19,287.00","11,152.43","6,868.76",,900.09,"3,383.58",,"WABTEC TRANSPORTATION SYSTEMS, LLC",BUILDING 12-1,901 FRANKLIN AVENUE,"Erie,PA 16531 - US",
YT446367-800,GE RH BANK KAZ-EVO VG292 STD PALLET FINAL ASSEMBLY,3,YTS-DOMESTIC,560503,1,16-MAR-20,16-MAR-20,17-MAR-20,05-OCT-20,02-OCT-20,02-OCT-20,1,"19,287.00","19,287.00","11,152.43","6,868.76",,900.09,"3,383.58",,"WABTEC TRANSPORTATION SYSTEMS, LLC",BUILDING 12-1,901 FRANKLIN AVENUE,"Erie,PA 16531 - US",
YT446367-807,GE RH BANK KAZ-EVO VG292 XP PAL/PLY VCI FINAL ASSEMBLY,3,YTS-DOMESTIC,561411,1,09-JUN-20,09-JUN-20,11-JUN-20,28-OCT-20,23-OCT-20,23-OCT-20,4,"19,654.00","78,616.00","11,419.26","6,964.91",,935.35,"3,519.00",,"WABTEC TRANSPORTATION SYSTEMS, LLC",6300 MUIRFIELD DRIVE,"HANOVER PARK,IL 60133-5462 - US",,
YT446368-800,GE LH BANK KAZ-EVO VG292 STD PALLET FINAL ASSEMBLY,3,YTS-DOMESTIC,561082,1,06-MAY-20,06-MAY-20,16-JUL-20,31-AUG-20,04-SEP-20,04-SEP-20,1,"19,287.00","19,287.00","11,059.56","6,869.39",,881.44,"3,308.73",,"WABTEC TRANSPORTATION SYSTEMS, LLC",BUILDING 12-1,901 FRANKLIN AVENUE,"Erie,PA 16531 - US",
YT446368-800,GE LH BANK KAZ-EVO VG292 STD PALLET FINAL ASSEMBLY,3,YTS-DOMESTIC,561080,1,06-MAY-20,06-MAY-20,28-JUL-20,10-SEP-20,11-SEP-20,11-SEP-20,1,"19,287.00","19,287.00","11,059.56","6,869.39",,881.44,"3,308.73",,"WABTEC TRANSPORTATION SYSTEMS, LLC",BUILDING 12-1,901 FRANKLIN AVENUE,"Erie,PA 16531 - US",
YT446368-800,GE LH BANK KAZ-EVO VG292 STD PALLET FINAL ASSEMBLY,3,YTS-DOMESTIC,561079,1,06-MAY-20,06-MAY-20,16-JUL-20,08-SEP-20,18-SEP-20,18-SEP-20,1,"19,287.00","19,287.00","11,059.56","6,869.39",,881.44,"3,308.73",,"WABTEC TRANSPORTATION SYSTEMS, LLC",BUILDING 12-1,901 FRANKLIN AVENUE,"Erie,PA 16531 - US",
YT446368-800,GE LH BANK KAZ-EVO VG292 STD PALLET FINAL ASSEMBLY,3,YTS-DOMESTIC,561160,1,12-MAY-20,12-MAY-20,28-JUL-20,18-SEP-20,25-SEP-20,25-SEP-20,1,"19,287.00","19,287.00","11,059.56","6,869.39",,881.44,"3,308.73",,"WABTEC TRANSPORTATION SYSTEMS, LLC",BUILDING 12-1,901 FRANKLIN AVENUE,"Erie,PA 16531 - US",
YT446368-800,GE LH BANK KAZ-EVO VG292 STD PALLET FINAL ASSEMBLY,3,YTS-DOMESTIC,561352,1,01-JUN-20,01-JUN-20,28-JUL-20,25-SEP-20,02-OCT-20,02-OCT-20,1,"19,287.00","19,287.00","11,059.56","6,869.39",,881.44,"3,308.73",,"WABTEC TRANSPORTATION SYSTEMS, LLC",BUILDING 12-1,901 FRANKLIN AVENUE,"Erie,PA 16531 - US",
YT446368-800,GE LH BANK KAZ-EVO VG292 STD PALLET FINAL ASSEMBLY,3,YTS-DOMESTIC,561353,1,01-JUN-20,01-JUN-20,28-JUL-20,02-OCT-20,09-OCT-20,09-OCT-20,1,"19,287.00","19,287.00","11,059.56","6,869.39",,881.44,"3,308.73",,"WABTEC TRANSPORTATION SYSTEMS, LLC",BUILDING 12-1,901 FRANKLIN AVENUE,"Erie,PA 16531 - US",
YT446368-800,GE LH BANK KAZ-EVO VG292 STD PALLET FINAL ASSEMBLY,3,YTS-DOMESTIC,561354,1,01-JUN-20,01-JUN-20,28-JUL-20,07-OCT-20,09-OCT-20,09-OCT-20,1,"19,287.00","19,287.00","11,059.56","6,869.39",,881.44,"3,308.73",,"WABTEC TRANSPORTATION SYSTEMS, LLC",BUILDING 12-1,901 FRANKLIN AVENUE,"Erie,PA 16531 - US",
YT446368-807,GE LH BANK KAZ-EVO VG292 XP PAL/PLY VCI FINAL ASSEMBLY,3,YTS-DOMESTIC,561410,1,09-JUN-20,09-JUN-20,11-JUN-20,28-OCT-20,23-OCT-20,23-OCT-20,4,"19,654.00","78,616.00","11,326.39","6,965.54",,916.71,"3,444.15",,"WABTEC TRANSPORTATION SYSTEMS, LLC",6300 MUIRFIELD DRIVE,"HANOVER PARK,IL 60133-5462 - US",,
YT447681-804,GT38 INDO LH BANK AXB 114 AXB 106 XP CR VCI - FINAL ASSEMBLY 40305006,3,YTS-DOMESTIC,561415,1,07-AUG-20,09-JUN-20,07-AUG-20,01-SEP-20,28-AUG-20,28-AUG-20,2,"8,848.00","20,268.00","6,180.52","3,392.44",,590.54,"2,197.54",,PROGRESS RAIL LOCOMOTIVE INC.,PROGRESS RAIL PARTS DC,16101 S. OUTER ROAD,"Belton,MO 64012 - US",
YT447681-804,GT38 INDO LH BANK AXB 114 AXB 106 XP CR VCI - FINAL ASSEMBLY 40305006,3,YTS-DOMESTIC,561533,1,06-AUG-20,23-JUN-20,06-AUG-20,15-SEP-20,11-SEP-20,11-SEP-20,2,"8,848.00","20,268.00","6,180.52","3,392.44",,590.54,"2,197.54",,PROGRESS RAIL LOCOMOTIVE INC.,PROGRESS RAIL PARTS DC,16101 S. OUTER ROAD,"Belton,MO 64012 - US",
YT447681-804,GT38 INDO LH BANK AXB 114 AXB 106 XP CR VCI - FINAL ASSEMBLY 40305006,3,YTS-DOMESTIC,561625,1,06-AUG-20,07-JUL-20,06-AUG-20,29-SEP-20,25-SEP-20,25-SEP-20,2,"8,848.00","20,268.00","6,180.52","3,392.44",,590.54,"2,197.54",,PROGRESS RAIL LOCOMOTIVE INC.,PROGRESS RAIL PARTS DC,16101 S. OUTER ROAD,"Belton,MO 64012 - US",
YT447681-804,GT38 INDO LH BANK AXB 114 AXB 106 XP CR VCI - FINAL ASSEMBLY 40305006,3,YTS-DOMESTIC,561735,1,06-AUG-20,21-JUL-20,06-AUG-20,13-OCT-20,09-OCT-20,09-OCT-20,2,"8,848.00","20,268.00","6,180.52","3,392.44",,590.54,"2,197.54",,PROGRESS RAIL LOCOMOTIVE INC.,PROGRESS RAIL PARTS DC,16101 S. OUTER ROAD,"Belton,MO 64012 - US",
YT447681-804,GT38 INDO LH BANK AXB 114 AXB 106 XP CR VCI - FINAL ASSEMBLY 40305006,3,YTS-DOMESTIC,561927,1,14-AUG-20,14-AUG-20,18-AUG-20,29-OCT-20,23-OCT-20,23-OCT-20,4,"8,848.00","40,536.00","6,180.52","3,392.44",,590.54,"2,197.54",,PROGRESS RAIL LOCOMOTIVE INC.,PROGRESS RAIL PARTS DC,16101 S. OUTER ROAD,"Belton,MO 64012 - US",
YT447682-804,GT38 INDO LH BANK AXB 114 AXB 106 XP CR VCI - FINAL ASSEMBLY 40305015,3,YTS-DOMESTIC,561414,1,07-AUG-20,09-JUN-20,07-AUG-20,01-SEP-20,28-AUG-20,28-AUG-20,2,"8,848.00","20,268.00","6,177.16","3,392.44",,589.72,"2,195.00",,PROGRESS RAIL LOCOMOTIVE INC.,PROGRESS RAIL PARTS DC,16101 S. OUTER ROAD,"Belton,MO 64012 - US",
YT447682-804,GT38 INDO LH BANK AXB 114 AXB 106 XP CR VCI - FINAL ASSEMBLY 40305015,3,YTS-DOMESTIC,561534,1,06-AUG-20,23-JUN-20,06-AUG-20,15-SEP-20,11-SEP-20,11-SEP-20,2,"8,848.00","20,268.00","6,177.16","3,392.44",,589.72,"2,195.00",,PROGRESS RAIL LOCOMOTIVE INC.,PROGRESS RAIL PARTS DC,16101 S. OUTER ROAD,"Belton,MO 64012 - US",
YT447682-804,GT38 INDO LH BANK AXB 114 AXB 106 XP CR VCI - FINAL ASSEMBLY 40305015,3,YTS-DOMESTIC,561624,1,06-AUG-20,07-JUL-20,06-AUG-20,29-SEP-20,25-SEP-20,25-SEP-20,2,"8,848.00","20,268.00","6,177.16","3,392.44",,589.72,"2,195.00",,PROGRESS RAIL LOCOMOTIVE INC.,PROGRESS RAIL PARTS DC,16101 S. OUTER ROAD,"Belton,MO 64012 - US",
YT447682-804,GT38 INDO LH BANK AXB 114 AXB 106 XP CR VCI - FINAL ASSEMBLY 40305015,3,YTS-DOMESTIC,561736,1,06-AUG-20,21-JUL-20,06-AUG-20,13-OCT-20,09-OCT-20,09-OCT-20,2,"8,848.00","20,268.00","6,177.16","3,392.44",,589.72,"2,195.00",,PROGRESS RAIL LOCOMOTIVE INC.,PROGRESS RAIL PARTS DC,16101 S. OUTER ROAD,"Belton,MO 64012 - US",
YT447682-804,GT38 INDO LH BANK AXB 114 AXB 106 XP CR VCI - FINAL ASSEMBLY 40305015,3,YTS-DOMESTIC,561928,1,14-AUG-20,14-AUG-20,18-AUG-20,29-OCT-20,23-OCT-20,23-OCT-20,4,"8,848.00","40,536.00","6,177.16","3,392.44",,589.72,"2,195.00",,PROGRESS RAIL LOCOMOTIVE INC.,PROGRESS RAIL PARTS DC,16101 S. OUTER ROAD,"Belton,MO 64012 - US",
YT447683-806,C18 JW RAD YTF 098 3P PAL CB BOX - FINAL ASSEMBLY,3,YTS-DOMESTIC,556520,3,04-APR-19,04-APR-19,07-JUL-20,01-OCT-20,25-SEP-20,25-SEP-20,2,"4,304.00","8,608.00","2,669.92","1,303.17",,289.36,"1,077.39",0.00,PROGRESS RAIL MANUFACTURING,6931 HIGHWAY 84 EAST,"PATTERSON,GA 31557 - US",,
YT447684-806,C18 ATAAC SBRA 1015 2P PAL CB BOX - FINAL ASSEMBLY,3,YTS-DOMESTIC,556520,6,04-APR-19,04-APR-19,07-JUL-20,01-OCT-20,25-SEP-20,25-SEP-20,2,"6,552.00","13,104.00","3,478.27","1,679.66",,380.76,"1,417.85",0.00,PROGRESS RAIL MANUFACTURING,6931 HIGHWAY 84 EAST,"PATTERSON,GA 31557 - US",,
YT447692-815,GE T4 EVO S1 HYBRID CAC ATAAC YTC 0620 W/WBIC RET SHIP - FINAL ASSEMBLY,3,YTS-DOMESTIC,561779,1,27-JUL-20,27-JUL-20,29-JUL-20,17-SEP-20,28-AUG-20,28-AUG-20,2,"25,259.00","50,518.00","14,536.93","10,812.34",,781.80,"2,942.79",,"WABTEC TRANSPORTATION SYSTEMS, LLC",TEXAS LOCOMOTIVE MANUFACTURING,16201 THREE WIDE DRIVE,"Fort Worth,TX 76177 - US",
YT447692-815,GE T4 EVO S1 HYBRID CAC ATAAC YTC 0620 W/WBIC RET SHIP - FINAL ASSEMBLY,3,YTS-DOMESTIC,561780,1,27-JUL-20,27-JUL-20,30-JUL-20,15-SEP-20,28-AUG-20,28-AUG-20,1,"25,259.00","25,259.00","14,536.93","10,812.34",,781.80,"2,942.79",,"WABTEC TRANSPORTATION SYSTEMS, LLC",TEXAS LOCOMOTIVE MANUFACTURING,16201 THREE WIDE DRIVE,"Fort Worth,TX 76177 - US",
YT447692-815,GE T4 EVO S1 HYBRID CAC ATAAC YTC 0620 W/WBIC RET SHIP - FINAL ASSEMBLY,3,YTS-DOMESTIC,561782,1,27-JUL-20,27-JUL-20,29-JUL-20,11-SEP-20,28-AUG-20,28-AUG-20,1,"25,259.00","25,259.00","14,536.93","10,812.34",,781.80,"2,942.79",,"WABTEC TRANSPORTATION SYSTEMS, LLC",TEXAS LOCOMOTIVE MANUFACTURING,16201 THREE WIDE DRIVE,"Fort Worth,TX 76177 - US",
YT447692-815,GE T4 EVO S1 HYBRID CAC ATAAC YTC 0620 W/WBIC RET SHIP - FINAL ASSEMBLY,3,YTS-DOMESTIC,561781,1,27-JUL-20,27-JUL-20,30-JUL-20,23-SEP-20,28-AUG-20,28-AUG-20,1,"25,259.00","25,259.00","14,536.93","10,812.34",,781.80,"2,942.79",,"WABTEC TRANSPORTATION SYSTEMS, LLC",TEXAS LOCOMOTIVE MANUFACTURING,16201 THREE WIDE DRIVE,"Fort Worth,TX 76177 - US",
YT447692-815,GE T4 EVO S1 HYBRID CAC ATAAC YTC 0620 W/WBIC RET SHIP - FINAL ASSEMBLY,3,YTS-DOMESTIC,561821,1,30-JUL-20,30-JUL-20,30-JUL-20,28-SEP-20,25-SEP-20,25-SEP-20,2,"25,259.00","50,518.00","14,536.93","10,812.34",,781.80,"2,942.79",,"WABTEC TRANSPORTATION SYSTEMS, LLC",TEXAS LOCOMOTIVE MANUFACTURING,16201 THREE WIDE DRIVE,"Fort Worth,TX 76177 - US",
YT447692-815,GE T4 EVO S1 HYBRID CAC ATAAC YTC 0620 W/WBIC RET SHIP - FINAL ASSEMBLY,3,YTS-DOMESTIC,561865,1,06-AUG-20,06-AUG-20,06-AUG-20,28-SEP-20,25-SEP-20,25-SEP-20,1,"25,259.00","25,259.00","14,536.93","10,812.34",,781.80,"2,942.79",,"WABTEC TRANSPORTATION SYSTEMS, LLC",TEXAS LOCOMOTIVE MANUFACTURING,16201 THREE WIDE DRIVE,"Fort Worth,TX 76177 - US",
YT447692-815,GE T4 EVO S1 HYBRID CAC ATAAC YTC 0620 W/WBIC RET SHIP - FINAL ASSEMBLY,3,YTS-DOMESTIC,561867,1,06-AUG-20,06-AUG-20,06-AUG-20,28-SEP-20,25-SEP-20,25-SEP-20,1,"25,259.00","25,259.00","14,536.93","10,812.34",,781.80,"2,942.79",,"WABTEC TRANSPORTATION SYSTEMS, LLC",TEXAS LOCOMOTIVE MANUFACTURING,16201 THREE WIDE DRIVE,"Fort Worth,TX 76177 - US",
YT447692-815,GE T4 EVO S1 HYBRID CAC ATAAC YTC 0620 W/WBIC RET SHIP - FINAL ASSEMBLY,3,YTS-DOMESTIC,561866,1,06-AUG-20,06-AUG-20,14-AUG-20,20-OCT-20,25-SEP-20,25-SEP-20,1,"25,259.00","25,259.00","14,536.93","10,812.34",,781.80,"2,942.79",,"WABTEC TRANSPORTATION SYSTEMS, LLC",TEXAS LOCOMOTIVE MANUFACTURING,16201 THREE WIDE DRIVE,"Fort Worth,TX 76177 - US",
YT447692-815,GE T4 EVO S1 HYBRID CAC ATAAC YTC 0620 W/WBIC RET SHIP - FINAL ASSEMBLY,3,YTS-DOMESTIC,561830,1,31-JUL-20,31-JUL-20,14-AUG-20,21-OCT-20,15-OCT-20,15-OCT-20,1,"25,259.00","25,259.00","14,536.93","10,812.34",,781.80,"2,942.79",,"WABTEC TRANSPORTATION SYSTEMS, LLC",TEXAS LOCOMOTIVE MANUFACTURING,16201 THREE WIDE DRIVE,"Fort Worth,TX 76177 - US",
YT447692-815,GE T4 EVO S1 HYBRID CAC ATAAC YTC 0620 W/WBIC RET SHIP - FINAL ASSEMBLY,3,YTS-DOMESTIC,561831,1,31-JUL-20,31-JUL-20,14-AUG-20,23-OCT-20,19-OCT-20,19-OCT-20,1,"25,259.00","25,259.00","14,536.93","10,812.34",,781.80,"2,942.79",,"WABTEC TRANSPORTATION SYSTEMS, LLC",TEXAS LOCOMOTIVE MANUFACTURING,16201 THREE WIDE DRIVE,"Fort Worth,TX 76177 - US",
YT447692-815,GE T4 EVO S1 HYBRID CAC ATAAC YTC 0620 W/WBIC RET SHIP - FINAL ASSEMBLY,3,YTS-DOMESTIC,561832,1,31-JUL-20,31-JUL-20,14-AUG-20,28-OCT-20,22-OCT-20,22-OCT-20,2,"25,259.00","50,518.00","14,536.93","10,812.34",,781.80,"2,942.79",,"WABTEC TRANSPORTATION SYSTEMS, LLC",TEXAS LOCOMOTIVE MANUFACTURING,16201 THREE WIDE DRIVE,"Fort Worth,TX 76177 - US",
YT447692-815,GE T4 EVO S1 HYBRID CAC ATAAC YTC 0620 W/WBIC RET SHIP - FINAL ASSEMBLY,3,YTS-DOMESTIC,561833,1,31-JUL-20,31-JUL-20,14-AUG-20,06-NOV-20,02-NOV-20,02-NOV-20,1,"25,259.00","25,259.00","14,536.93","10,812.34",,781.80,"2,942.79",,"WABTEC TRANSPORTATION SYSTEMS, LLC",TEXAS LOCOMOTIVE MANUFACTURING,16201 THREE WIDE DRIVE,"Fort Worth,TX 76177 - US",
YT449316-816,MPI SIDEFRAME RETROFIT KIT W/ FLOATING PUSHPAD,SV,YTS-DOMESTIC,561937,1,18-AUG-20,18-AUG-20,19-AUG-20,18-AUG-20,18-SEP-20,18-SEP-20,1,0.00,0.00,0.00,,,,,,YOUNG TOUCHSTONE,200 SMITH LANE,P.O. BOX 7568,"Jackson,TN 38302-7568 - US",
YT50692-02.47-816,PARTITION SEAL .125 GAP EPDM,SV,YTS-INTERNATIONAL,561884,1,10-AUG-20,10-AUG-20,11-AUG-20,20-NOV-20,18-SEP-20,18-SEP-20,10,11.34,113.40,0.08,0.08,,0.00,,,WABTEC BRASIL FABRICA플O E MANUTEN플O DE EQUIPAMENTOS LTDA.,AV. GENERAL DAVID SARNOFF,"CIDADE INDUSTRIAL, 4600","CONTAGEM/MG, 32210-110 - BR",
YT50692-49.42-816,PARTITION SEAL .125 GAP EPDM,SV,YTS-INTERNATIONAL,561479,1,16-JUN-20,16-JUN-20,17-JUN-20,22-OCT-20,28-AUG-20,28-AUG-20,14,37.49,524.86,29.25,1.61,,5.71,21.93,,WABTEC BRASIL FABRICA플O E MANUTEN플O DE EQUIPAMENTOS LTDA.,AV. GENERAL DAVID SARNOFF,"CIDADE INDUSTRIAL, 4600","CONTAGEM/MG, 32210-110 - BR",
YT50692-49.42-816,PARTITION SEAL .125 GAP EPDM,SV,YTS-INTERNATIONAL,561529,1,22-JUN-20,22-JUN-20,01-JUL-20,23-NOV-20,18-SEP-20,18-SEP-20,4,37.49,149.96,29.25,1.61,,5.71,21.93,,WABTEC BRASIL FABRICA플O E MANUTEN플O DE EQUIPAMENTOS LTDA.,AV. GENERAL DAVID SARNOFF,"CIDADE INDUSTRIAL, 4600","CONTAGEM/MG, 32210-110 - BR",
YT50692-49.42-816,PARTITION SEAL .125 GAP EPDM,SV,YTS-INTERNATIONAL,561552,1,25-JUN-20,25-JUN-20,01-JUL-20,23-NOV-20,18-SEP-20,18-SEP-20,4,37.49,149.96,29.25,1.61,,5.71,21.93,,WABTEC BRASIL FABRICA플O E MANUTEN플O DE EQUIPAMENTOS LTDA.,AV. GENERAL DAVID SARNOFF,"CIDADE INDUSTRIAL, 4600","CONTAGEM/MG, 32210-110 - BR",
YT50692-49.42-816,PARTITION SEAL .125 GAP EPDM,SV,YTS-INTERNATIONAL,561824,1,30-JUL-20,30-JUL-20,30-JUL-20,20-NOV-20,18-SEP-20,18-SEP-20,4,37.49,149.96,29.25,1.61,,5.71,21.93,,WABTEC BRASIL FABRICA플O E MANUTEN플O DE EQUIPAMENTOS LTDA.,AV. GENERAL DAVID SARNOFF,"CIDADE INDUSTRIAL, 4600","CONTAGEM/MG, 32210-110 - BR",
YT50692-49.42-816,PARTITION SEAL .125 GAP EPDM,SV,YTS-INTERNATIONAL,561915,1,13-AUG-20,13-AUG-20,13-AUG-20,17-DEC-20,16-OCT-20,16-OCT-20,20,37.49,749.80,29.25,1.61,,5.71,21.93,,WABTEC BRASIL FABRICA플O E MANUTEN플O DE EQUIPAMENTOS LTDA.,AV. GENERAL DAVID SARNOFF,"CIDADE INDUSTRIAL, 4600","CONTAGEM/MG, 32210-110 - BR",
YT50692-49.42-816,PARTITION SEAL .125 GAP EPDM,SV,YTS-INTERNATIONAL,561913,1,13-AUG-20,13-AUG-20,18-AUG-20,17-DEC-20,16-OCT-20,16-OCT-20,4,37.49,149.96,29.25,1.61,,5.71,21.93,,WABTEC BRASIL FABRICA플O E MANUTEN플O DE EQUIPAMENTOS LTDA.,AV. GENERAL DAVID SARNOFF,"CIDADE INDUSTRIAL, 4600","CONTAGEM/MG, 32210-110 - BR",
YT50692-52.31-816,PARTITION SEAL .125 GAP EPDM,SV,YTS-INTERNATIONAL,561919,1,13-AUG-20,13-AUG-20,18-AUG-20,17-DEC-20,16-OCT-20,16-OCT-20,8,13.42,107.36,1.71,1.71,,0.00,,,WABTEC BRASIL FABRICA플O E MANUTEN플O DE EQUIPAMENTOS LTDA.,AV. GENERAL DAVID SARNOFF,"CIDADE INDUSTRIAL, 4600","CONTAGEM/MG, 32210-110 - BR",
YT50972-118.50,O-RING .188 EPDM,DU,YTS-DOMESTIC,561366,1,02-JUN-20,02-JUN-20,02-JUN-20,21-SEP-20,18-SEP-20,18-SEP-20,6,18.00,108.00,4.91,4.91,,,,,"WABTEC TRANSPORTATION SYSTEMS, LLC",6300 MUIRFIELD DRIVE,"HANOVER PARK,IL 60133-5462 - US",,
YT50972-122.50,O-RING .188 EPDM,DU,YTS-DOMESTIC,561630,1,07-JUL-20,07-JUL-20,09-JUL-20,04-SEP-20,28-AUG-20,28-AUG-20,223,18.00,"4,014.00",4.95,4.95,,,,,"WABTEC TRANSPORTATION SYSTEMS, LLC",6300 MUIRFIELD DRIVE,"HANOVER PARK,IL 60133-5462 - US",,
,,,,,,,,,,,,,,,,,,,,,,,,,
,,,,,,,,,,,,,,,,,,,,,,,,,
,,,,,,,,,,,,,,,,,,,,,,,,,
,,,,,,,,,,,,,,,,,,,,,,,,,
,,,,,,,,,,,,,,,,,,,,,,,,,
