Item,Date,Qty,Customer,PC,Price,Extended Price,Org,Type
YT#500829,18-SEP-20,1.0,C H BULL CO,4,"11,267.88","11,267.88",LEX,SO
YT000000L,21-AUG-20,1.0,DEHN ENGINEERING SALES CO,292,900.00,900.00,LEX,SO
YT000COC,04-SEP-20,1.0,LUREYE ELECTROMECANICA SA,PHANTOM,50.00,50.00,LEX,SO
YT000COC,04-SEP-20,1.0,WESCO SPS,PHANTOM,50.00,50.00,LEX,SO
YT000COC,04-SEP-20,3.0,FAIRBANKS MORSE ENG DIV,PHANTOM,50.00,150.00,LEX,SO
YT000COC,18-SEP-20,3.0,FAIRBANKS MORSE ENG DIV,PHANTOM,50.00,150.00,LEX,SO
YT000COC,18-SEP-20,1.0,PRO DYNE CORP,PHANTOM,40.00,40.00,LEX,SO
YT000COC,18-SEP-20,6.0,FAIRBANKS MORSE ENG DIV,PHANTOM,50.00,300.00,LEX,SO
YT000COC,30-SEP-20,1.0,PRO DYNE CORP,PHANTOM,40.00,40.00,LEX,SO
YT000COC,02-OCT-20,1.0,FAIRBANKS MORSE ENG DIV,PHANTOM,50.00,50.00,LEX,SO
YT000COC,28-OCT-20,1.0,MRC GLOBAL INC US 830,PHANTOM,50.00,50.00,LEX,SO
YT000COC,30-OCT-20,1.0,OCEAN SHIPS INC,PHANTOM,50.00,50.00,LEX,SO
YT000COO,04-SEP-20,1.0,LUREYE ELECTROMECANICA SA,PHANTOM,50.00,50.00,LEX,SO
YT000COO,30-SEP-20,1.0,PRO DYNE CORP,PHANTOM,40.00,40.00,LEX,SO
YT000COO,30-OCT-20,1.0,OCEAN SHIPS INC,PHANTOM,50.00,50.00,LEX,SO
YT001319-006,28-AUG-20,12.0,NAVAL AIR WARFARE CENTER,FS,3.00,36.00,LEX,SO
YT001391-006,18-SEP-20,225.0,WABTEC BRASIL FABRICAÌO E MANUTENÌO DE EQUIPAMENTOS LTDA.,FS,0.35,78.75,LEX,SO
YT004197-003,28-AUG-20,12.0,NAVAL AIR WARFARE CENTER,FS,3.00,36.00,LEX,SO
YT004741-007,28-AUG-20,12.0,NAVAL AIR WARFARE CENTER,FS,3.00,36.00,LEX,SO
YT004744-007,11-SEP-20,700.0,WABTEC BRASIL FABRICAÌO E MANUTENÌO DE EQUIPAMENTOS LTDA.,FS,0.25,175.00,LEX,SO
YT01783,28-AUG-20,675.0,WABTEC BRASIL FABRICAÌO E MANUTENÌO DE EQUIPAMENTOS LTDA.,FS,0.15,101.25,LEX,SO
YT02008-806,24-SEP-20,4.0,WABCO-KANSAS CITY SERVICE CENTER,8,"1,834.73","7,338.93",LEX,SO
YT02203,28-AUG-20,16.0,WABTEC BRASIL FABRICAÌO E MANUTENÌO DE EQUIPAMENTOS LTDA.,FS,0.04,0.64,LEX,SO
YT02203,11-SEP-20,500.0,WABTEC BRASIL FABRICAÌO E MANUTENÌO DE EQUIPAMENTOS LTDA.,FS,0.04,20.00,LEX,SO
YT02203,18-SEP-20,4.0,OHIO CAT,FS,0.00,0.00,LEX,SO
YT02203,18-SEP-20,500.0,WABTEC BRASIL FABRICAÌO E MANUTENÌO DE EQUIPAMENTOS LTDA.,FS,0.04,20.00,LEX,SO
YT03045,25-SEP-20,4.0,MOTIVE POWER-BOISE,6,"3,271.00","13,084.00",LEX,SO
YT03045,02-OCT-20,4.0,MOTIVE POWER-BOISE,6,"3,271.00","13,084.00",LEX,SO
YT03045,02-OCT-20,4.0,MOTIVE POWER-BOISE,6,"3,271.00","13,084.00",LEX,SO
YT03045,13-NOV-20,4.0,MOTIVE POWER-BOISE,6,"3,271.00","13,084.00",LEX,SO
YT03045,21-DEC-20,4.0,MOTIVE POWER-BOISE,6,"3,271.00","13,084.00",LEX,SO
YT04906-096.00,18-SEP-20,1.0,OHIO CAT,DU,0.00,0.00,LEX,SO
YT05001-058.75,02-OCT-20,22.0,PROGRESS RAIL LOCOMOTIVE INC.,DU,10.00,220.00,LEX,SO
YT05627-144,26-AUG-20,3.0,CATERPILLAR INC,SF,301.00,903.00,LEX,SO
YT05627-144,01-SEP-20,5.0,CATERPILLAR INC,SF,301.00,"1,505.00",LEX,SO
YT05627-144,05-SEP-20,7.0,CATERPILLAR INC,SF,301.00,"2,107.00",LEX,SO
YT05627-144,14-SEP-20,2.0,CATERPILLAR INC,SF,301.00,602.00,LEX,SO
YT05627-144,25-SEP-20,6.0,CATERPILLAR INC,SF,301.00,"1,806.00",LEX,SO
YT05627-144,13-OCT-20,2.0,CATERPILLAR INC,SF,301.00,602.00,LEX,SO
YT05627-266,25-AUG-20,3.0,CATERPILLAR INC,SF,387.00,"1,161.00",LEX,SO
YT05627-266,11-SEP-20,2.0,CATERPILLAR INC,SF,387.00,774.00,LEX,SO
YT05627-266,30-SEP-20,1.0,CATERPILLAR INC,SF,387.00,387.00,LEX,SO
YT05627-76,11-SEP-20,2.0,CATERPILLAR INC,SF,254.00,508.00,LEX,SO
YT05627-76,28-SEP-20,2.0,CATERPILLAR INC,SF,254.00,508.00,LEX,SO
YT05627-76,27-OCT-20,3.0,CATERPILLAR INC,SF,254.00,762.00,LEX,SO
YT05629-23,25-AUG-20,4.0,CATERPILLAR INC,SF,72.00,288.00,LEX,SO
YT05629-53,01-SEP-20,12.0,CATERPILLAR INC,SF,72.00,864.00,LEX,SO
YT05629-53,11-SEP-20,8.0,CATERPILLAR INC,SF,72.00,576.00,LEX,SO
YT05629-53,28-SEP-20,9.0,CATERPILLAR INC,SF,72.00,648.00,LEX,SO
YT05633-49,28-AUG-20,2.0,FOLEY EQUIPMENT COMPANY,SF,120.00,240.00,LEX,SO
YT05634-03,22-SEP-20,2.0,CATERPILLAR INC,SF,542.00,"1,084.00",LEX,SO
YT05634-04,08-SEP-20,2.0,CATERPILLAR INC,SF,216.00,432.00,LEX,SO
YT065955-901,04-SEP-20,4.0,PROGRESS RAIL LOCOMOTIVE INC.,1,38.00,152.00,LEX,SO
YT07419,02-OCT-20,1.0,"WABTEC TRANSPORTATION SYSTEMS, LLC",10,"8,443.00","8,443.00",LEX,SO
YT07419,02-OCT-20,1.0,"WABTEC TRANSPORTATION SYSTEMS, LLC",10,"8,443.00","8,443.00",LEX,SO
YT07419,07-OCT-20,2.0,"WABTEC TRANSPORTATION SYSTEMS, LLC",10,"8,443.00","16,886.00",LEX,SO
YT07419,07-OCT-20,1.0,"WABTEC TRANSPORTATION SYSTEMS, LLC",10,"8,443.00","8,443.00",LEX,SO
YT07419,07-OCT-20,1.0,"WABTEC TRANSPORTATION SYSTEMS, LLC",10,"8,443.00","8,443.00",LEX,SO
YT07419,07-OCT-20,1.0,"WABTEC TRANSPORTATION SYSTEMS, LLC",10,"8,443.00","8,443.00",LEX,SO
YT07419,09-OCT-20,1.0,"WABTEC TRANSPORTATION SYSTEMS, LLC",10,"8,443.00","8,443.00",LEX,SO
YT07419,09-OCT-20,1.0,"WABTEC TRANSPORTATION SYSTEMS, LLC",10,"8,443.00","8,443.00",LEX,SO
YT07419,23-OCT-20,1.0,"WABTEC TRANSPORTATION SYSTEMS, LLC",10,"8,443.00","8,443.00",LEX,SO
YT07579-22,16-OCT-20,500.0,WABTEC BRASIL FABRICAÌO E MANUTENÌO DE EQUIPAMENTOS LTDA.,PP,0.36,180.00,LEX,SO
YT07712-31,06-NOV-20,1.0,CUMMINS ENGINE COMPANY,KU,288.00,288.00,LEX,SO
YT08218,15-SEP-20,63.0,CATERPILLAR INC,PC,16.00,"1,008.00",LEX,SO
YT098983-901,14-SEP-20,30.0,INNIO WAUKESHA GAS ENGINES INC,1,30.00,900.00,LEX,SO
YT143340-901,11-SEP-20,20.0,KOHLER CO,1,16.00,320.00,LEX,SO
YT146812-901,30-OCT-20,4.0,OCEAN SHIPS INC,1,"3,360.00","13,440.00",LEX,SO
YT170580-901,28-AUG-20,1.0,PROGRESS RAIL LOCOMOTIVE INC.,6,"1,007.00","1,068.00",LEX,SO
YT170580-901,28-AUG-20,1.0,PROGRESS RAIL LOCOMOTIVE INC.,6,"1,007.00","1,068.00",LEX,SO
YT170580-901,28-AUG-20,1.0,PROGRESS RAIL LOCOMOTIVE INC.,6,"1,007.00","1,068.00",LEX,SO
YT170580-901,28-AUG-20,1.0,PROGRESS RAIL LOCOMOTIVE INC.,6,"1,007.00","1,068.00",LEX,SO
YT170580-901,28-AUG-20,1.0,PROGRESS RAIL LOCOMOTIVE INC.,6,"1,007.00","1,068.00",LEX,SO
YT170580-901,04-SEP-20,2.0,PROGRESS RAIL LOCOMOTIVE INC.,6,"1,007.00","2,136.00",LEX,SO
YT184674-901,21-OCT-20,25.0,Joy Global Longview Operations LLC,1,120.00,"3,000.00",LEX,SO
YT184674-901,12-NOV-20,6.0,JOY GLOBAL SURFACE MINING INC,1,120.00,720.00,LEX,SO
YT195012,11-SEP-20,20.0,KOHLER CO,PC,8.00,160.00,LEX,SO
YT224867-001,11-SEP-20,2.0,PROGRESS RAIL LOCOMOTIVE INC.,6,"1,387.00","2,916.00",LEX,SO
YT224868-901,28-AUG-20,1.0,PROGRESS RAIL LOCOMOTIVE INC.,1,870.00,870.00,LEX,SO
YT226344,04-SEP-20,463.0,FAIRBANKS MORSE ENG DIV,DU,4.00,"1,852.00",LEX,SO
YT231299,04-SEP-20,4.0,PROGRESS RAIL LOCOMOTIVE INC.,8,"3,483.00","13,932.00",LEX,SO
YT231299,04-SEP-20,10.0,PROGRESS RAIL LOCOMOTIVE INC.,8,"3,483.00","34,830.00",LEX,SO
YT231299,04-SEP-20,4.0,PROGRESS RAIL LOCOMOTIVE INC.,8,"3,483.00","13,932.00",LEX,SO
YT231299,11-SEP-20,2.0,PROGRESS RAIL LOCOMOTIVE INC.,8,"2,264.98","4,529.96",LEX,SO
YT231299,11-SEP-20,5.0,PROGRESS RAIL LOCOMOTIVE INC.,8,"2,264.98","11,324.90",LEX,SO
YT231299,18-SEP-20,6.0,PROGRESS RAIL LOCOMOTIVE INC.,8,"2,264.98","13,589.88",LEX,SO
YT231299,18-SEP-20,9.0,PROGRESS RAIL LOCOMOTIVE INC.,8,"2,264.98","20,384.82",LEX,SO
YT231299,23-SEP-20,4.0,PROGRESS RAIL LOCOMOTIVE INC.,8,"2,264.98","9,059.92",LEX,SO
YT231299,02-OCT-20,2.0,PROGRESS RAIL LOCOMOTIVE INC.,8,"2,264.98","4,529.96",LEX,SO
YT235193,18-SEP-20,1.0,OHIO CAT,ID,0.00,0.00,LEX,SO
YT240150-811,28-AUG-20,1.0,DOUGLAS THERMAL PRODUCTS,3,488.56,488.56,LEX,SO
YT240150-811,18-SEP-20,2.0,HYDRADYNE HYDRAULICS,3,551.60,"1,103.20",LEX,SO
YT249981,04-SEP-20,4.0,WESCO SPS,T,"1,086.00","4,344.00",LEX,SO
YT249981,30-SEP-20,1.0,PRO DYNE CORP,T,863.04,863.04,LEX,SO
YT260544,14-SEP-20,1.0,C H BULL CO,T,"1,654.16","1,654.16",LEX,SO
YT262915,30-SEP-20,10.0,DOUGLAS THERMAL PRODUCTS,T,"1,523.96","15,239.60",LEX,SO
YT263464,18-SEP-20,1.0,PRO DYNE CORP,T,"2,503.56","2,503.56",LEX,SO
YT266621,08-SEP-20,1.0,FUTAMURA USA INC,T,"2,671.00","2,671.00",LEX,SO
YT269441,11-SEP-20,16.0,PRO DYNE CORP,T,156.80,"2,508.80",LEX,SO
YT269441,18-SEP-20,10.0,DOUGLAS THERMAL PRODUCTS,T,156.80,"1,568.00",LEX,SO
YT269449,18-SEP-20,2.0,DOUGLAS THERMAL PRODUCTS,T,152.00,304.00,LEX,SO
YT271509-901,21-SEP-20,1.0,CATERPILLAR INC,1,"1,395.00","1,395.00",LEX,SO
YT271509-901,23-SEP-20,2.0,SOLAR TURBINES INC,1,"1,437.00","2,874.00",LEX,SO
YT278354,30-SEP-20,1.0,DEHN ENGINEERING SALES CO,T,"5,699.04","5,699.04",LEX,SO
YT281555-901,31-AUG-20,100.0,FAIRBANKS MORSE ENG DIV,1,125.00,"12,500.00",LEX,SO
YT281556-901,01-OCT-20,29.0,FAIRBANKS MORSE ENG DIV,1,125.00,"3,625.00",LEX,SO
YT299892,01-SEP-20,6.0,PRO DYNE CORP,T,"3,164.48","18,986.88",LEX,SO
YT299892,08-SEP-20,1.0,PRO DYNE CORP,T,"3,164.48","3,164.48",LEX,SO
YT301561,30-OCT-20,2.0,SOLAR TURBINES INC,3,"15,560.00","31,120.00",LEX,SO
YT304307-901,11-SEP-20,13.0,PRO DYNE CORP,1,153.60,"1,996.80",LEX,SO
YT307008,17-SEP-20,1.0,DEHN ENGINEERING SALES CO,T,621.86,621.86,LEX,SO
YT307008,17-SEP-20,4.0,DEHN ENGINEERING SALES CO,T,621.86,"2,487.44",LEX,SO
YT307008,17-SEP-20,1.0,NORMAN EQUIPMENT,T,621.86,621.86,LEX,SO
YT307008,18-SEP-20,1.0,NORMAN EQUIPMENT,T,621.86,621.86,LEX,SO
YT307142,14-SEP-20,1.0,PRO DYNE CORP,T,"1,425.38","1,425.38",LEX,SO
YT307168,03-SEP-20,1.0,C H BULL CO,T,"1,602.70","1,602.70",LEX,SO
YT307369,26-AUG-20,2.0,C H BULL CO,T,"2,010.04","4,020.08",LEX,SO
YT307393,18-SEP-20,1.0,PRO DYNE CORP,T,"2,101.18","2,101.18",LEX,SO
YT307419,02-OCT-20,1.0,NORTHSHORE MINING COMPANY,T,"3,615.00","3,615.00",LEX,SO
YT307681,01-OCT-20,5.0,C H BULL CO,T,775.00,"3,875.00",LEX,SO
YT307692,11-SEP-20,1.0,DEHN ENGINEERING SALES CO,T,775.00,775.00,LEX,SO
YT307702,11-SEP-20,1.0,DEHN ENGINEERING SALES CO,T,775.00,775.00,LEX,SO
YT307706,17-SEP-20,2.0,C H BULL CO,T,805.38,"1,610.76",LEX,SO
YT307710,11-SEP-20,1.0,NORMAN EQUIPMENT,T,820.88,820.88,LEX,SO
YT307731,18-SEP-20,1.0,PRO DYNE CORP,T,856.22,856.22,LEX,SO
YT307812,05-SEP-20,2.0,CATERPILLAR INC,T,520.00,"1,040.00",LEX,SO
YT308627,18-SEP-20,6.0,"WABTEC TRANSPORTATION SYSTEMS, LLC",7,447.00,"2,682.00",LEX,SO
YT308627,09-OCT-20,3.0,"WABTEC TRANSPORTATION SYSTEMS, LLC",7,447.00,"1,341.00",LEX,SO
YT308627,21-OCT-20,6.0,"WABTEC TRANSPORTATION SYSTEMS, LLC",7,447.00,"2,682.00",LEX,SO
YT308627,30-OCT-20,6.0,"WABTEC TRANSPORTATION SYSTEMS, LLC",7,447.00,"2,682.00",LEX,SO
YT308627,18-DEC-20,15.0,"WABTEC TRANSPORTATION SYSTEMS, LLC",7,447.00,"6,705.00",LEX,SO
YT308627-002,25-SEP-20,1.0,"WABTEC TRANSPORTATION SYSTEMS, LLC",7,524.00,524.00,LEX,SO
YT308627-002,23-OCT-20,1.0,"WABTEC TRANSPORTATION SYSTEMS, LLC",7,524.00,524.00,LEX,SO
YT308627-002,23-DEC-20,1.0,"WABTEC TRANSPORTATION SYSTEMS, LLC",7,524.00,524.00,LEX,SO
YT308910,28-OCT-20,4.0,MRC GLOBAL INC US 830,T,"1,194.00","4,776.00",LEX,SO
YT320285,05-OCT-20,1.0,COOPER MACHINERY SERVICES,10,"8,995.00","8,995.00",LEX,SO
YT322580,04-SEP-20,1.0,GROVE WORLDWIDE,MW,420.00,420.00,LEX,SO
YT329677-901,28-AUG-20,36.0,"WABTEC TRANSPORTATION SYSTEMS, LLC",1,46.00,"1,656.00",LEX,SO
YT329807,24-AUG-20,4.0,TOROMONT CAT,1,225.00,900.00,LEX,SO
YT329807,18-SEP-20,1.0,C H BULL CO,1,199.02,199.02,LEX,SO
YT329807,20-NOV-20,4.0,TOROMONT CAT,1,225.00,900.00,LEX,SO
YT333089-901,28-AUG-20,2.0,PROGRESS RAIL LOCOMOTIVE INC.,1,"1,347.00","2,694.00",LEX,SO
YT333089-901,04-SEP-20,2.0,PROGRESS RAIL LOCOMOTIVE INC.,1,"1,347.00","2,694.00",LEX,SO
YT333089-901,04-SEP-20,3.0,PROGRESS RAIL LOCOMOTIVE INC.,1,"1,347.00","4,041.00",LEX,SO
YT333089-901,04-SEP-20,2.0,PROGRESS RAIL LOCOMOTIVE INC.,1,"1,347.00","2,694.00",LEX,SO
YT333089-901,02-OCT-20,3.0,PROGRESS RAIL LOCOMOTIVE INC.,1,535.00,"1,605.00",LEX,SO
YT333089-901,30-OCT-20,3.0,PROGRESS RAIL LOCOMOTIVE INC.,1,535.00,"1,605.00",LEX,SO
YT333095-901,04-SEP-20,5.0,PROGRESS RAIL LOCOMOTIVE INC.,1,19.00,95.00,LEX,SO
YT333095-901,04-SEP-20,9.0,PROGRESS RAIL LOCOMOTIVE INC.,1,19.00,171.00,LEX,SO
YT338647-901,21-AUG-20,2.0,PROGRESS RAIL LOCOMOTIVE INC.,1,62.00,124.00,LEX,SO
YT339920,15-SEP-20,1.0,KOMATSU MINING,5,"2,141.00","2,141.00",LEX,SO
YT339920,21-SEP-20,11.0,KOMATSU MINING,5,"2,141.00","23,551.00",LEX,SO
YT339920,27-OCT-20,7.0,KOMATSU MINING,5,"2,141.00","14,987.00",LEX,SO
YT339920,06-NOV-20,2.0,KOMATSU MINING,5,"2,141.00","4,282.00",LEX,SO
YT339920,17-NOV-20,3.0,KOMATSU MINING,5,"2,141.00","6,423.00",LEX,SO
YT339920,18-NOV-20,4.0,KOMATSU MINING,5,"2,141.00","8,564.00",LEX,SO
YT339920,21-DEC-20,5.0,KOMATSU MINING,5,"2,141.00","10,705.00",LEX,SO
YT339920,30-DEC-20,1.0,KOMATSU MINING,5,"2,141.00","2,141.00",LEX,SO
YT343007-901,30-OCT-20,1.0,DELTA PARTS & EQUIPMENT INC,4,"14,210.00","14,210.00",LEX,SO
YT345367,13-NOV-20,1.0,"WABTEC TRANSPORTATION SYSTEMS, LLC",3,"52,700.00","52,700.00",LEX,SO
YT348431-901,09-OCT-20,2.0,PROGRESS RAIL LOCOMOTIVE INC.,1,865.69,"1,731.38",LEX,SO
YT348436,09-OCT-20,2.0,PROGRESS RAIL LOCOMOTIVE INC.,8,"5,022.00","10,592.00",LEX,SO
YT348501,21-AUG-20,1.0,PROGRESS RAIL LOCOMOTIVE INC.,8,"5,016.00","5,363.00",LEX,SO
YT348551,18-DEC-20,1.0,PROGRESS RAIL LOCOMOTIVE INC.,8,"5,880.00","6,345.00",LEX,SO
YT348828,04-DEC-20,1.0,"WABTEC TRANSPORTATION SYSTEMS, LLC",5,"6,074.00","6,074.00",LEX,SO
YT349810,18-SEP-20,3.0,DOUGLAS THERMAL PRODUCTS,T,903.96,"2,711.88",LEX,SO
YT350797-901,22-OCT-20,2.0,C H BULL CO,4,"6,020.00","12,040.00",LEX,SO
YT351889,18-SEP-20,3.0,FAIRBANKS MORSE ENG DIV,10,"18,044.00","54,132.00",LEX,SO
YT351990-901,28-AUG-20,30.0,PROGRESS RAIL LOCOMOTIVE INC.,1,36.00,"1,080.00",LEX,SO
YT352170,10-JUL-20,1.0,AWC MANUFACTURING INC.,8,"5,586.00","5,586.00",LEX,SO
YT352170,16-OCT-20,4.0,AWC MANUFACTURING INC.,8,"5,586.00","22,344.00",LEX,SO
YT352170,16-OCT-20,1.0,PROGRESS RAIL LOCOMOTIVE INC.,8,"5,206.00","5,206.00",LEX,SO
YT352170,16-OCT-20,1.0,PROGRESS RAIL LOCOMOTIVE INC.,8,"5,206.00","5,206.00",LEX,SO
YT352170,06-NOV-20,12.0,AWC MANUFACTURING INC.,8,"5,586.00","67,032.00",LEX,SO
YT352171C,28-AUG-20,1.0,YOUNG TOUCHSTONE,CH,0.00,0.00,LEX,SO
YT352172,28-AUG-20,1.0,YOUNG TOUCHSTONE,LWM,0.00,0.00,LEX,SO
YT352175,28-AUG-20,1.0,YOUNG TOUCHSTONE,GK,0.00,0.00,LEX,SO
YT352185,28-AUG-20,1.0,YOUNG TOUCHSTONE,PI,0.00,0.00,LEX,SO
YT357206,11-SEP-20,4.0,C H BULL CO,7,"2,424.20","9,696.80",LEX,SO
YT359570,28-AUG-20,3.0,HITACHI CONSTRUCTION,5,"5,225.00","15,675.00",LEX,SO
YT362067,04-SEP-20,3.0,FAIRBANKS MORSE ENG DIV,10,"25,518.00","76,554.00",LEX,SO
YT362067,18-SEP-20,6.0,FAIRBANKS MORSE ENG DIV,10,"25,518.00","153,108.00",LEX,SO
YT362067,02-OCT-20,1.0,FAIRBANKS MORSE ENG DIV,10,"25,518.00","25,518.00",LEX,SO
YT363978-816,21-AUG-20,4.0,PROGRESS RAIL LOCOMOTIVE INC.,1,46.00,184.00,LEX,SO
YT363978-816,24-AUG-20,13.0,PROGRESS RAIL LOCOMOTIVE INC.,1,46.00,598.00,LEX,SO
YT363978-816,24-AUG-20,13.0,PROGRESS RAIL LOCOMOTIVE INC.,1,46.00,598.00,LEX,SO
YT363978-816,24-AUG-20,8.0,PROGRESS RAIL LOCOMOTIVE INC.,1,46.00,368.00,LEX,SO
YT363978-816,24-AUG-20,13.0,PROGRESS RAIL LOCOMOTIVE INC.,1,46.00,598.00,LEX,SO
YT363978-816,25-SEP-20,10.0,PROGRESS RAIL LOCOMOTIVE INC.,1,46.00,460.00,LEX,SO
YT365039,19-AUG-20,3.0,DISTRIBUTED POWER - WAUKESHA GAS ENGINES,6,"1,367.00","4,101.00",LEX,SO
YT365039,19-AUG-20,6.0,DISTRIBUTED POWER - WAUKESHA GAS ENGINES,6,"1,367.00","8,202.00",LEX,SO
YT365041,10-SEP-20,14.0,DISTRIBUTED POWER - WAUKESHA GAS ENGINES,6,"2,694.00","37,716.00",LEX,SO
YT365065,26-AUG-20,2.0,DISTRIBUTED POWER - WAUKESHA GAS ENGINES,5,"2,032.00","4,064.00",LEX,SO
YT365065,26-AUG-20,2.0,DISTRIBUTED POWER - WAUKESHA GAS ENGINES,5,"2,032.00","4,064.00",LEX,SO
YT365065,26-AUG-20,2.0,DISTRIBUTED POWER - WAUKESHA GAS ENGINES,5,"2,032.00","4,064.00",LEX,SO
YT365065,26-AUG-20,2.0,DISTRIBUTED POWER - WAUKESHA GAS ENGINES,5,"2,032.00","4,064.00",LEX,SO
YT365065,26-AUG-20,2.0,DISTRIBUTED POWER - WAUKESHA GAS ENGINES,5,"2,032.00","4,064.00",LEX,SO
YT365065,26-AUG-20,2.0,DISTRIBUTED POWER - WAUKESHA GAS ENGINES,5,"2,032.00","4,064.00",LEX,SO
YT365065,26-AUG-20,2.0,DISTRIBUTED POWER - WAUKESHA GAS ENGINES,5,"2,032.00","4,064.00",LEX,SO
YT365130,11-SEP-20,1.0,GREER INDUSTRIES INC,3,"8,011.00","8,011.00",LEX,SO
YT365240,27-AUG-20,1.0,GS GLOBAL RESOURCES,3,"3,325.00","3,325.00",LEX,SO
YT365326,11-SEP-20,1.0,DEHN ENGINEERING SALES CO,3,"3,906.62","3,906.62",LEX,SO
YT365349,21-OCT-20,2.0,NORMAN EQUIPMENT,3,"3,742.00","7,484.00",LEX,SO
YT365442,18-SEP-20,4.0,DOUGLAS THERMAL PRODUCTS,T,"1,523.96","6,095.84",LEX,SO
YT365477,18-SEP-20,2.0,PIONEER MACHINERY AND SUPPLY,3,"3,045.00","6,090.00",LEX,SO
YT365735,03-OCT-20,1.0,NORMAN EQUIPMENT,3,"8,728.36","8,728.36",LEX,SO
YT404601-150,28-AUG-20,1000.0,WABTEC BRASIL FABRICAÌO E MANUTENÌO DE EQUIPAMENTOS LTDA.,FS,0.37,370.00,LEX,SO
YT404601-150,16-OCT-20,1000.0,WABTEC BRASIL FABRICAÌO E MANUTENÌO DE EQUIPAMENTOS LTDA.,FS,0.37,370.00,LEX,SO
YT404601-175,18-SEP-20,1300.0,WABTEC BRASIL FABRICAÌO E MANUTENÌO DE EQUIPAMENTOS LTDA.,FS,0.98,"1,274.00",LEX,SO
YT404601-175,04-DEC-20,67.0,WABTEC BRASIL FABRICAÌO E MANUTENÌO DE EQUIPAMENTOS LTDA.,FS,0.98,65.66,LEX,SO
YT404602-100-D,28-AUG-20,4.0,NAVAL AIR WARFARE CENTER,FS,3.00,12.00,LEX,SO
YT404602-150-D,28-AUG-20,6.0,NAVAL AIR WARFARE CENTER,FS,3.00,18.00,LEX,SO
YT404602-175,16-OCT-20,500.0,WABTEC BRASIL FABRICAÌO E MANUTENÌO DE EQUIPAMENTOS LTDA.,FS,0.59,295.00,LEX,SO
YT404602-S,28-AUG-20,6.0,NAVAL AIR WARFARE CENTER,SP,3.00,18.00,LEX,SO
YT405492-02.94-AB-816,26-AUG-20,1.0,CUMMINS SALES & SERVICE,1,206.00,206.00,LEX,SO
YT405492-03.37-AB-816,28-AUG-20,4.0,CATERPILLAR INC,1,95.00,380.00,LEX,SO
YT406653-001,25-SEP-20,9.0,PROGRESS RAIL LOCOMOTIVE INC.,6,"1,412.00","13,230.00",LEX,SO
YT406669-36-S,28-AUG-20,1.0,BERG FARMS AND REPAIR,MW,281.00,281.00,LEX,SO
YT406669-36-S,17-SEP-20,1.0,C H BULL CO,MW,224.80,224.80,LEX,SO
YT407696,08-SEP-20,50.0,THE AFTERMARKET PARTS COMPANY LLC,MM,3.00,150.00,LEX,SO
YT407721-19-AF,18-SEP-20,1.0,C H BULL CO,1,0.00,0.00,LEX,SO
YT407722-32-AF,28-AUG-20,4.0,DEHN ENGINEERING SALES CO,1,0.00,0.00,LEX,SO
YT407723-19-AF,24-AUG-20,2.0,TOROMONT CAT,1,0.00,0.00,LEX,SO
YT407723-19-AF,20-NOV-20,2.0,TOROMONT CAT,1,0.00,0.00,LEX,SO
YT409853-001,27-AUG-20,4.0,PROGRESS RAIL MANUFACTURING,6,"2,116.00","8,464.00",LEX,SO
YT409853-001,02-SEP-20,2.0,PROGRESS RAIL MANUFACTURING,6,"2,116.00","4,232.00",LEX,SO
YT409853-001,04-SEP-20,1.0,PROGRESS RAIL LOCOMOTIVE INC.,6,"1,805.00","2,116.00",LEX,SO
YT409853-001,18-SEP-20,6.0,PROGRESS RAIL LOCOMOTIVE INC.,6,"1,285.00","9,576.00",LEX,SO
YT409853-001,15-OCT-20,4.0,PROGRESS RAIL SERVICES CORP,6,"1,805.00","8,464.00",LEX,SO
YT410864,09-SEP-20,300.0,INNIO WAUKESHA GAS ENGINES INC,MA,2.00,600.00,LEX,SO
YT411149C-901,25-SEP-20,1.0,PROGRESS RAIL SERVICES CORP,1,589.00,589.00,LEX,SO
YT414325-811,27-AUG-20,1.0,PROGRESS RAIL LOCOMOTIVE INC.,5,"2,545.00","2,745.00",LEX,SO
YT414325-811,18-SEP-20,1.0,PROGRESS RAIL LOCOMOTIVE INC.,5,"2,545.00","2,745.00",LEX,SO
YT414325-811,25-SEP-20,5.0,PROGRESS RAIL LOCOMOTIVE INC.,5,"2,545.00","13,725.00",LEX,SO
YT415062,23-OCT-20,2.0,CATERPILLAR INC,5,"30,722.00","61,444.00",LEX,SO
YT416009,21-AUG-20,1.0,AWC MANUFACTURING INC.,5,"2,952.00","2,952.00",LEX,SO
YT416009,21-AUG-20,1.0,AWC MANUFACTURING INC.,5,"2,952.00","2,952.00",LEX,SO
YT416009,21-AUG-20,1.0,AWC MANUFACTURING INC.,5,"2,952.00","2,952.00",LEX,SO
YT416009,21-AUG-20,1.0,AWC MANUFACTURING INC.,5,"2,952.00","2,952.00",LEX,SO
YT416009,21-AUG-20,1.0,AWC MANUFACTURING INC.,5,"2,952.00","2,952.00",LEX,SO
YT417315,24-AUG-20,2.0,TOROMONT CAT,1,"1,744.00","3,488.00",LEX,SO
YT417315,20-NOV-20,2.0,TOROMONT CAT,1,"1,744.00","3,488.00",LEX,SO
YT417324,05-NOV-20,1.0,CATERPILLAR INC,4,"39,991.00","45,057.00",LEX,SO
YT417324,05-NOV-20,1.0,CATERPILLAR INC,4,"39,991.00","45,057.00",LEX,SO
YT418125-AO-816,10-SEP-20,1.0,CATERPILLAR INC,1,220.00,220.00,LEX,SO
YT419543,10-SEP-20,8.0,DISTRIBUTED POWER - WAUKESHA GAS ENGINES,6,"1,214.00","9,712.00",LEX,SO
YT419543,28-DEC-20,3.0,INNIO WAUKESHA GAS ENGINES INC,6,"1,206.00","3,618.00",LEX,SO
YT419564,26-AUG-20,1.0,C H BULL CO,10,"4,062.24","4,062.24",LEX,SO
YT419564,26-AUG-20,1.0,C H BULL CO,10,"4,062.24","4,062.24",LEX,SO
YT420246-AQ-816,18-SEP-20,1.0,OHIO CAT,1,0.00,0.00,LEX,SO
YT420980-025-D,18-SEP-20,100.0,WABTEC BRASIL FABRICAÌO E MANUTENÌO DE EQUIPAMENTOS LTDA.,FS,1.30,130.00,LEX,SO
YT420980-070-D,18-SEP-20,100.0,WABTEC BRASIL FABRICAÌO E MANUTENÌO DE EQUIPAMENTOS LTDA.,FS,2.33,233.00,LEX,SO
YT420980-S,18-SEP-20,500.0,WABTEC BRASIL FABRICAÌO E MANUTENÌO DE EQUIPAMENTOS LTDA.,SP,0.20,100.00,LEX,SO
YT421499,08-SEP-20,20.0,KOHLER CO,1,18.00,360.00,LEX,SO
YT422305,17-OCT-20,2.0,POWER TEST INC.,10,"7,819.00","15,638.00",LEX,SO
YT423496-807,28-AUG-20,2.0,"WABTEC TRANSPORTATION SYSTEMS, LLC",4,"30,687.00","61,374.00",LEX,SO
YT423496-807,04-SEP-20,2.0,"WABTEC TRANSPORTATION SYSTEMS, LLC",4,"30,687.00","61,374.00",LEX,SO
YT423496-807,14-SEP-20,2.0,"WABTEC TRANSPORTATION SYSTEMS, LLC",4,"30,687.00","61,374.00",LEX,SO
YT423496-807,25-SEP-20,2.0,"WABTEC TRANSPORTATION SYSTEMS, LLC",4,"30,687.00","61,374.00",LEX,SO
YT423496-807,02-OCT-20,2.0,"WABTEC TRANSPORTATION SYSTEMS, LLC",4,"30,687.00","61,374.00",LEX,SO
YT425048,28-AUG-20,2.0,C H BULL CO,3,"9,083.00","18,166.00",LEX,SO
YT425048,18-SEP-20,2.0,C H BULL CO,3,"9,083.00","18,166.00",LEX,SO
YT425056,25-AUG-20,15.0,CATERPILLAR INC,1,605.00,"9,075.00",LEX,SO
YT425056,08-SEP-20,3.0,CATERPILLAR INC,1,605.00,"1,815.00",LEX,SO
YT425056,15-SEP-20,3.0,CATERPILLAR INC,1,605.00,"1,815.00",LEX,SO
YT425131,28-AUG-20,4.0,DEHN ENGINEERING SALES CO,1,"2,401.88","9,607.52",LEX,SO
YT427661-002,08-SEP-20,15.0,PROGRESS RAIL SERVICES CORP,6,"2,273.00","38,745.00",LEX,SO
YT427661-002,29-SEP-20,22.0,PROGRESS RAIL SERVICES CORP,6,"2,273.00","56,826.00",LEX,SO
YT427744,08-DEC-20,1.0,KOMATSU MINING,5,"2,247.00","2,247.00",LEX,SO
YT427744,10-DEC-20,1.0,KOMATSU MINING,5,"2,247.00","2,247.00",LEX,SO
YT427744,11-DEC-20,1.0,KOMATSU MINING,5,"2,247.00","2,247.00",LEX,SO
YT427744,15-DEC-20,2.0,KOMATSU MINING,5,"2,247.00","4,494.00",LEX,SO
YT427744,28-DEC-20,6.0,KOMATSU MINING,5,"2,247.00","13,482.00",LEX,SO
YT427808,25-SEP-20,1.0,KOHLER CO,5,"16,720.00","16,720.00",LEX,SO
YT427808,02-OCT-20,1.0,KOHLER CO,5,"16,720.00","16,720.00",LEX,SO
YT427808,05-OCT-20,1.0,KOHLER CO,5,"16,720.00","16,720.00",LEX,SO
YT427809,04-SEP-20,1.0,KOHLER CO,5,"18,323.00","18,323.00",LEX,SO
YT427810,11-SEP-20,1.0,KOHLER CO,5,"20,365.00","20,365.00",LEX,SO
YT427810,25-SEP-20,3.0,KOHLER CO,5,"20,365.00","61,095.00",LEX,SO
YT427810,30-SEP-20,2.0,KOHLER CO,5,"20,365.00","40,730.00",LEX,SO
YT427810,08-OCT-20,1.0,KOHLER CO,5,"20,365.00","20,365.00",LEX,SO
YT427810,09-OCT-20,1.0,KOHLER CO,5,"20,365.00","20,365.00",LEX,SO
YT427811,03-SEP-20,2.0,KOHLER CO,5,"25,281.00","50,562.00",LEX,SO
YT427811,04-SEP-20,3.0,KOHLER CO,5,"25,281.00","75,843.00",LEX,SO
YT427820,11-SEP-20,2.0,KOHLER CO,5,"14,690.00","29,380.00",LEX,SO
YT427820,02-OCT-20,1.0,KOHLER CO,5,"14,690.00","14,690.00",LEX,SO
YT427820,08-OCT-20,1.0,KOHLER CO,5,"14,690.00","14,690.00",LEX,SO
YT429710,22-SEP-20,1.0,CATERPILLAR INC,5,"23,156.00","23,156.00",LEX,SO
YT429710,20-OCT-20,1.0,CATERPILLAR INC,5,"23,156.00","23,156.00",LEX,SO
YT431205,28-AUG-20,10.0,AWC MANUFACTURING INC.,5,"4,294.00","42,940.00",LEX,SO
YT431205,23-NOV-20,16.0,AWC MANUFACTURING INC.,5,"4,294.00","68,704.00",LEX,SO
YT431242,27-AUG-20,1.0,CATERPILLAR INC,4,"43,934.00","49,189.00",LEX,SO
YT431253,28-SEP-20,1.0,CATERPILLAR INC,5,"24,654.00","28,382.52",LEX,SO
YT431253,29-SEP-20,1.0,CATERPILLAR INC,5,"24,654.00","28,382.52",LEX,SO
YT431254,25-AUG-20,1.0,CATERPILLAR INC,5,"28,694.00","33,113.15",LEX,SO
YT431254,26-AUG-20,1.0,CATERPILLAR INC,5,"28,694.00","33,113.15",LEX,SO
YT431254,27-AUG-20,1.0,CATERPILLAR INC,5,"28,694.00","33,113.15",LEX,SO
YT431254,31-AUG-20,1.0,CATERPILLAR INC,5,"28,694.00","33,113.15",LEX,SO
YT431254,01-SEP-20,1.0,CATERPILLAR INC,5,"28,694.00","33,113.15",LEX,SO
YT431254,10-SEP-20,1.0,CATERPILLAR INC,5,"28,694.00","33,113.15",LEX,SO
YT431254,17-SEP-20,1.0,CATERPILLAR INC,5,"28,694.00","33,113.15",LEX,SO
YT431254,22-OCT-20,1.0,CATERPILLAR INC,5,"28,694.00","33,113.15",LEX,SO
YT431254,30-OCT-20,1.0,CATERPILLAR INC,5,"28,694.00","33,113.15",LEX,SO
YT431254,14-DEC-20,1.0,CATERPILLAR INC,5,"28,694.00","33,113.15",LEX,SO
YT431254,15-DEC-20,1.0,CATERPILLAR INC,5,"28,694.00","33,113.15",LEX,SO
YT431321-803,28-AUG-20,2.0,PROGRESS RAIL LOCOMOTIVE INC.,5,"6,190.00","12,380.00",LEX,SO
YT431321-803,25-SEP-20,5.0,PROGRESS RAIL LOCOMOTIVE INC.,5,"3,800.00","20,335.00",LEX,SO
YT431331,28-AUG-20,2.0,CATERPILLAR INC,1,505.00,"1,010.00",LEX,SO
YT431331,15-SEP-20,3.0,CATERPILLAR INC,1,505.00,"1,515.00",LEX,SO
YT431331,13-OCT-20,2.0,CATERPILLAR INC,1,505.00,"1,010.00",LEX,SO
YT431355-901,14-AUG-20,1.0,SOLAR TURBINES INC,3,"24,740.00","24,740.00",LEX,SO
YT431355-901,25-SEP-20,1.0,SOLAR TURBINES INC,3,"24,740.00","24,740.00",LEX,SO
YT432927-04.50,16-OCT-20,100.0,WABTEC BRASIL FABRICAÌO E MANUTENÌO DE EQUIPAMENTOS LTDA.,FS,1.32,132.00,LEX,SO
YT432927-08.00,28-AUG-20,1.0,WABTEC BRASIL FABRICAÌO E MANUTENÌO DE EQUIPAMENTOS LTDA.,FS,2.41,2.41,LEX,SO
YT432927-08.00,18-SEP-20,100.0,WABTEC BRASIL FABRICAÌO E MANUTENÌO DE EQUIPAMENTOS LTDA.,FS,2.41,241.00,LEX,SO
YT433031,28-AUG-20,2.0,YOUNG TOUCHSTONE (LEX),PC,0.00,0.00,LEX,SO
YT434966,16-OCT-20,1.0,CATERPILLAR INC,4,"56,201.00","62,901.00",LEX,SO
YT434966,19-OCT-20,1.0,CATERPILLAR INC,4,"56,201.00","62,901.00",LEX,SO
YT434966,20-OCT-20,1.0,CATERPILLAR INC,4,"56,201.00","62,901.00",LEX,SO
YT434966,16-DEC-20,1.0,CATERPILLAR INC,4,"56,201.00","62,901.00",LEX,SO
YT435053,25-AUG-20,1.0,CATERPILLAR INC,5,"21,998.00","25,843.52",LEX,SO
YT435053,28-AUG-20,1.0,CATERPILLAR INC,5,"21,998.00","25,843.52",LEX,SO
YT435053,28-AUG-20,1.0,CATERPILLAR INC,5,"21,998.00","25,843.52",LEX,SO
YT435053,11-SEP-20,1.0,CATERPILLAR INC,5,"21,998.00","25,843.52",LEX,SO
YT435053,14-SEP-20,1.0,CATERPILLAR INC,5,"21,998.00","25,843.52",LEX,SO
YT435053,28-SEP-20,1.0,CATERPILLAR INC,5,"21,998.00","25,843.52",LEX,SO
YT435053,09-NOV-20,1.0,CATERPILLAR INC,5,"21,998.00","25,843.52",LEX,SO
YT435054,21-AUG-20,1.0,CATERPILLAR INC,5,"25,803.00","30,351.15",LEX,SO
YT435054,23-SEP-20,1.0,CATERPILLAR INC,5,"25,803.00","30,351.15",LEX,SO
YT435054,06-OCT-20,1.0,CATERPILLAR INC,5,"25,803.00","30,351.15",LEX,SO
YT435054,20-OCT-20,1.0,CATERPILLAR INC,5,"25,803.00","30,351.15",LEX,SO
YT435054,29-OCT-20,1.0,CATERPILLAR INC,5,"25,803.00","30,351.15",LEX,SO
YT435054,09-NOV-20,1.0,CATERPILLAR INC,5,"25,803.00","30,351.15",LEX,SO
YT435060,15-SEP-20,1.0,CATERPILLAR INC,5,"56,201.00","62,901.00",LEX,SO
YT435060,16-SEP-20,1.0,CATERPILLAR INC,5,"56,201.00","62,901.00",LEX,SO
YT435060,17-SEP-20,1.0,CATERPILLAR INC,5,"56,201.00","62,901.00",LEX,SO
YT435060,18-SEP-20,1.0,CATERPILLAR INC,5,"56,201.00","62,901.00",LEX,SO
YT435060,21-SEP-20,1.0,CATERPILLAR INC,5,"56,201.00","62,901.00",LEX,SO
YT435060,22-SEP-20,1.0,CATERPILLAR INC,5,"56,201.00","62,901.00",LEX,SO
YT435060,30-NOV-20,1.0,CATERPILLAR INC,5,"56,201.00","62,901.00",LEX,SO
YT435060,01-DEC-20,1.0,CATERPILLAR INC,5,"56,201.00","62,901.00",LEX,SO
YT435065,21-AUG-20,1.0,CATERPILLAR INC,5,"28,863.00","33,000.83",LEX,SO
YT435074,28-SEP-20,2.0,CUMMINS POWER GENERATION,4,"61,345.00","122,690.00",LEX,SO
YT435074,29-SEP-20,1.0,CUMMINS POWER GENERATION,4,"61,345.00","61,345.00",LEX,SO
YT435102-815,21-AUG-20,1.0,CATERPILLAR INC,5,"17,295.00","20,129.78",LEX,SO
YT435102-815,21-AUG-20,1.0,CATERPILLAR INC,5,"17,295.00","20,129.78",LEX,SO
YT435102-815,21-AUG-20,1.0,CATERPILLAR INC,5,"17,295.00","20,129.78",LEX,SO
YT435102-815,24-AUG-20,1.0,CATERPILLAR INC,5,"17,295.00","20,129.78",LEX,SO
YT435102-815,25-AUG-20,1.0,CATERPILLAR INC,5,"17,295.00","20,129.78",LEX,SO
YT435102-815,26-AUG-20,1.0,CATERPILLAR INC,5,"17,295.00","20,129.78",LEX,SO
YT435102-815,01-SEP-20,1.0,CATERPILLAR INC,5,"17,295.00","20,129.78",LEX,SO
YT435102-815,02-SEP-20,1.0,CATERPILLAR INC,5,"17,295.00","20,129.78",LEX,SO
YT435102-815,05-SEP-20,1.0,CATERPILLAR INC,5,"17,295.00","20,129.78",LEX,SO
YT435102-815,08-SEP-20,1.0,CATERPILLAR INC,5,"17,295.00","20,129.78",LEX,SO
YT435102-815,08-SEP-20,1.0,CATERPILLAR INC,5,"17,295.00","20,129.78",LEX,SO
YT435102-815,09-SEP-20,1.0,CATERPILLAR INC,5,"17,295.00","20,129.78",LEX,SO
YT435102-815,09-SEP-20,1.0,CATERPILLAR INC,5,"17,295.00","20,129.78",LEX,SO
YT435102-815,10-SEP-20,1.0,CATERPILLAR INC,5,"17,295.00","20,129.78",LEX,SO
YT435102-815,11-SEP-20,1.0,CATERPILLAR INC,5,"17,295.00","20,129.78",LEX,SO
YT435102-815,11-SEP-20,1.0,CATERPILLAR INC,5,"17,295.00","20,129.78",LEX,SO
YT435102-815,14-SEP-20,1.0,CATERPILLAR INC,5,"17,295.00","20,129.78",LEX,SO
YT435102-815,15-SEP-20,1.0,CATERPILLAR INC,5,"17,295.00","20,129.78",LEX,SO
YT435102-815,15-SEP-20,1.0,CATERPILLAR INC,5,"17,295.00","20,129.78",LEX,SO
YT435102-815,16-SEP-20,1.0,CATERPILLAR INC,5,"17,295.00","20,129.78",LEX,SO
YT435102-815,17-SEP-20,1.0,CATERPILLAR INC,5,"17,295.00","20,129.78",LEX,SO
YT435102-815,18-SEP-20,1.0,CATERPILLAR INC,5,"17,295.00","20,129.78",LEX,SO
YT435102-815,21-SEP-20,1.0,CATERPILLAR INC,5,"17,295.00","20,129.78",LEX,SO
YT435102-815,01-OCT-20,1.0,CATERPILLAR INC,5,"17,295.00","20,129.78",LEX,SO
YT435102-815,02-OCT-20,1.0,CATERPILLAR INC,5,"17,295.00","20,129.78",LEX,SO
YT435102-815,05-OCT-20,1.0,CATERPILLAR INC,5,"17,295.00","20,129.78",LEX,SO
YT435102-815,05-OCT-20,1.0,CATERPILLAR INC,5,"17,295.00","20,129.78",LEX,SO
YT435102-815,06-OCT-20,1.0,CATERPILLAR INC,5,"17,295.00","20,129.78",LEX,SO
YT435102-815,07-OCT-20,1.0,CATERPILLAR INC,5,"17,295.00","20,129.78",LEX,SO
YT435102-815,15-OCT-20,1.0,CATERPILLAR INC,5,"17,295.00","20,129.78",LEX,SO
YT435102-815,19-OCT-20,1.0,CATERPILLAR INC,5,"17,295.00","20,129.78",LEX,SO
YT435102-815,26-OCT-20,1.0,CATERPILLAR INC,5,"17,295.00","20,129.78",LEX,SO
YT435102-815,27-OCT-20,1.0,CATERPILLAR INC,5,"17,295.00","20,129.78",LEX,SO
YT435102-815,11-NOV-20,1.0,CATERPILLAR INC,5,"17,295.00","20,129.78",LEX,SO
YT435102-815,25-NOV-20,1.0,CATERPILLAR INC,5,"17,295.00","20,129.78",LEX,SO
YT435102-815,25-NOV-20,1.0,CATERPILLAR INC,5,"17,295.00","20,129.78",LEX,SO
YT435108-901,30-OCT-20,1.0,DELTA PARTS & EQUIPMENT INC,1,"1,182.00","1,182.00",LEX,SO
YT436898,19-OCT-20,7.0,C H BULL CO,4,"82,615.00","578,305.00",LEX,SO
YT440046-815,24-SEP-20,1.0,CATERPILLAR INC,5,"24,990.00","27,824.78",LEX,SO
YT440046-815,25-SEP-20,1.0,CATERPILLAR INC,5,"24,990.00","27,824.78",LEX,SO
YT440046-815,09-OCT-20,1.0,CATERPILLAR INC,5,"24,990.00","27,824.78",LEX,SO
YT440046-815,12-OCT-20,1.0,CATERPILLAR INC,5,"24,990.00","27,824.78",LEX,SO
YT440046-815,09-NOV-20,1.0,CATERPILLAR INC,5,"24,990.00","27,824.78",LEX,SO
YT440046-815,10-NOV-20,1.0,CATERPILLAR INC,5,"24,990.00","27,824.78",LEX,SO
YT440046-815,13-NOV-20,1.0,CATERPILLAR INC,5,"24,990.00","27,824.78",LEX,SO
YT440077,21-AUG-20,1.0,CUMMINS POWER GENERATION,4,"51,773.00","51,773.00",LEX,SO
YT440077,21-AUG-20,1.0,CUMMINS POWER GENERATION,4,"51,773.00","51,773.00",LEX,SO
YT440077,21-AUG-20,1.0,CUMMINS POWER GENERATION,4,"51,773.00","51,773.00",LEX,SO
YT440077,21-AUG-20,1.0,CUMMINS POWER GENERATION,4,"51,773.00","51,773.00",LEX,SO
YT440077,17-SEP-20,1.0,CUMMINS POWER GENERATION,4,"51,773.00","51,773.00",LEX,SO
YT440077,13-OCT-20,1.0,CUMMINS POWER GENERATION,4,"51,773.00","51,773.00",LEX,SO
YT440077,15-OCT-20,1.0,CUMMINS POWER GENERATION,4,"51,773.00","51,773.00",LEX,SO
YT440077,17-OCT-20,1.0,CUMMINS POWER GENERATION,4,"51,773.00","51,773.00",LEX,SO
YT440077,19-OCT-20,2.0,CUMMINS POWER GENERATION,4,"51,773.00","103,546.00",LEX,SO
YT440077,20-OCT-20,2.0,CUMMINS POWER GENERATION,4,"51,773.00","103,546.00",LEX,SO
YT440077,23-OCT-20,1.0,CUMMINS POWER GENERATION,4,"51,773.00","51,773.00",LEX,SO
YT440077,28-OCT-20,1.0,CUMMINS POWER GENERATION,4,"51,773.00","51,773.00",LEX,SO
YT440078,18-SEP-20,2.0,CUMMINS ARABIA FZCO,4,"54,605.00","109,210.00",LEX,SO
YT440116,01-OCT-20,1.0,CATERPILLAR INC,4,"56,420.00","63,120.00",LEX,SO
YT440116,02-OCT-20,1.0,CATERPILLAR INC,4,"56,420.00","63,120.00",LEX,SO
YT440116,14-OCT-20,1.0,CATERPILLAR INC,4,"56,420.00","63,120.00",LEX,SO
YT440116,15-OCT-20,1.0,CATERPILLAR INC,4,"56,420.00","63,120.00",LEX,SO
YT442184-GH,17-SEP-20,10.0,WABCO-KANSAS CITY SERVICE CENTER,1,147.24,"1,472.36",LEX,SO
YT442390,21-AUG-20,1.0,CUMMINS POWER GENERATION,4,"51,773.00","51,773.00",LEX,SO
YT442390,21-AUG-20,1.0,CUMMINS POWER GENERATION,4,"51,773.00","51,773.00",LEX,SO
YT442390,21-AUG-20,1.0,CUMMINS POWER GENERATION,4,"51,773.00","51,773.00",LEX,SO
YT442390,21-AUG-20,2.0,CUMMINS POWER GENERATION,4,"51,773.00","103,546.00",LEX,SO
YT442390,21-AUG-20,2.0,CUMMINS POWER GENERATION,4,"51,773.00","103,546.00",LEX,SO
YT442390,04-SEP-20,1.0,CUMMINS POWER GENERATION,4,"51,773.00","51,773.00",LEX,SO
YT442390,08-SEP-20,1.0,CUMMINS POWER GENERATION,4,"51,773.00","51,773.00",LEX,SO
YT442390,09-SEP-20,1.0,CUMMINS POWER GENERATION,4,"51,773.00","51,773.00",LEX,SO
YT442390,10-SEP-20,1.0,CUMMINS POWER GENERATION,4,"51,773.00","51,773.00",LEX,SO
YT442390,11-SEP-20,1.0,CUMMINS POWER GENERATION,4,"51,773.00","51,773.00",LEX,SO
YT442390,14-SEP-20,1.0,CUMMINS POWER GENERATION,4,"51,773.00","51,773.00",LEX,SO
YT442390,15-SEP-20,1.0,CUMMINS POWER GENERATION,4,"51,773.00","51,773.00",LEX,SO
YT442390,16-SEP-20,1.0,CUMMINS POWER GENERATION,4,"51,773.00","51,773.00",LEX,SO
YT442390,17-SEP-20,1.0,CUMMINS POWER GENERATION,4,"51,773.00","51,773.00",LEX,SO
YT442390,18-SEP-20,2.0,CUMMINS POWER GENERATION,4,"51,773.00","103,546.00",LEX,SO
YT442390,21-SEP-20,2.0,CUMMINS POWER GENERATION,4,"51,773.00","103,546.00",LEX,SO
YT442390,22-SEP-20,2.0,CUMMINS POWER GENERATION,4,"51,773.00","103,546.00",LEX,SO
YT442390,24-SEP-20,1.0,CUMMINS POWER GENERATION,4,"51,773.00","51,773.00",LEX,SO
YT442390,29-SEP-20,1.0,CUMMINS POWER GENERATION,4,"51,773.00","51,773.00",LEX,SO
YT442390,30-SEP-20,1.0,CUMMINS POWER GENERATION,4,"51,773.00","51,773.00",LEX,SO
YT442390,01-OCT-20,1.0,CUMMINS POWER GENERATION,4,"51,773.00","51,773.00",LEX,SO
YT442390,02-OCT-20,1.0,CUMMINS POWER GENERATION,4,"51,773.00","51,773.00",LEX,SO
YT442390,05-OCT-20,1.0,CUMMINS POWER GENERATION,4,"51,773.00","51,773.00",LEX,SO
YT442390,06-OCT-20,1.0,CUMMINS POWER GENERATION,4,"51,773.00","51,773.00",LEX,SO
YT442390,06-OCT-20,1.0,CUMMINS POWER GENERATION,4,"51,773.00","51,773.00",LEX,SO
YT442390,07-OCT-20,2.0,CUMMINS POWER GENERATION,4,"51,773.00","103,546.00",LEX,SO
YT442390,12-OCT-20,2.0,CUMMINS POWER GENERATION,4,"51,773.00","103,546.00",LEX,SO
YT442390,14-OCT-20,1.0,CUMMINS POWER GENERATION,4,"51,773.00","51,773.00",LEX,SO
YT442390,16-OCT-20,1.0,CUMMINS POWER GENERATION,4,"51,773.00","51,773.00",LEX,SO
YT442390,21-OCT-20,2.0,CUMMINS POWER GENERATION,4,"51,773.00","103,546.00",LEX,SO
YT442390,22-OCT-20,2.0,CUMMINS POWER GENERATION,4,"51,773.00","103,546.00",LEX,SO
YT442390,23-OCT-20,1.0,CUMMINS POWER GENERATION,4,"51,773.00","51,773.00",LEX,SO
YT442390,26-OCT-20,1.0,CUMMINS POWER GENERATION,4,"51,773.00","51,773.00",LEX,SO
YT442390,27-OCT-20,2.0,CUMMINS POWER GENERATION,4,"51,773.00","103,546.00",LEX,SO
YT442390,28-OCT-20,2.0,CUMMINS POWER GENERATION,4,"51,773.00","103,546.00",LEX,SO
YT442390,29-OCT-20,1.0,CUMMINS POWER GENERATION,4,"51,773.00","51,773.00",LEX,SO
YT442390,30-OCT-20,1.0,CUMMINS POWER GENERATION,4,"51,773.00","51,773.00",LEX,SO
YT442390,02-NOV-20,1.0,CUMMINS POWER GENERATION,4,"51,773.00","51,773.00",LEX,SO
YT442390,03-NOV-20,1.0,CUMMINS POWER GENERATION,4,"51,773.00","51,773.00",LEX,SO
YT442390,04-NOV-20,1.0,CUMMINS POWER GENERATION,4,"51,773.00","51,773.00",LEX,SO
YT442393,02-SEP-20,1.0,CUMMINS POWER GENERATION,4,"53,316.00","53,316.00",LEX,SO
YT442393,23-SEP-20,1.0,CUMMINS POWER GENERATION,4,"53,316.00","53,316.00",LEX,SO
YT442393,05-NOV-20,1.0,CUMMINS POWER GENERATION,4,"53,316.00","53,316.00",LEX,SO
YT443021,24-AUG-20,1.0,KOHLER CO,4,"45,380.00","45,380.00",LEX,SO
YT443021,14-SEP-20,1.0,KOHLER CO,4,"45,380.00","45,380.00",LEX,SO
YT443021,25-SEP-20,1.0,KOHLER CO,4,"45,380.00","45,380.00",LEX,SO
YT443024,04-SEP-20,2.0,LUREYE ELECTROMECANICA SA,3,"19,650.00","39,300.00",LEX,SO
YT443084-800,25-SEP-20,15.0,PROGRESS RAIL LOCOMOTIVE INC.,9,"4,536.00","73,815.00",LEX,SO
YT443084-800,25-SEP-20,2.0,PROGRESS RAIL LOCOMOTIVE INC.,9,"4,536.00","9,842.00",LEX,SO
YT443084-800,02-OCT-20,1.0,PROGRESS RAIL MANUFACTURING,9,"4,928.00","4,928.00",LEX,SO
YT443084-800,23-OCT-20,15.0,PROGRESS RAIL LOCOMOTIVE INC.,9,"4,536.00","73,815.00",LEX,SO
YT443084-800,23-OCT-20,3.0,PROGRESS RAIL LOCOMOTIVE INC.,9,"4,536.00","14,763.00",LEX,SO
YT443084-800,10-NOV-20,1.0,PROGRESS RAIL MANUFACTURING,9,"4,928.00","4,928.00",LEX,SO
YT443084-800,20-NOV-20,15.0,PROGRESS RAIL LOCOMOTIVE INC.,9,"4,536.00","73,815.00",LEX,SO
YT443084-800,02-DEC-20,1.0,PROGRESS RAIL MANUFACTURING,9,"4,928.00","4,928.00",LEX,SO
YT443084-800,22-DEC-20,15.0,PROGRESS RAIL LOCOMOTIVE INC.,9,"4,536.00","73,815.00",LEX,SO
YT443085-800,04-SEP-20,1.0,PROGRESS RAIL LOCOMOTIVE INC.,9,"4,536.00","4,921.00",LEX,SO
YT443085-800,25-SEP-20,1.0,PROGRESS RAIL LOCOMOTIVE INC.,9,"4,536.00","4,921.00",LEX,SO
YT443085-800,25-SEP-20,15.0,PROGRESS RAIL LOCOMOTIVE INC.,9,"4,536.00","73,815.00",LEX,SO
YT443085-800,02-OCT-20,1.0,PROGRESS RAIL MANUFACTURING,9,"4,928.00","4,928.00",LEX,SO
YT443085-800,02-OCT-20,2.0,PROGRESS RAIL LOCOMOTIVE INC.,9,"4,536.00","9,842.00",LEX,SO
YT443085-800,16-OCT-20,1.0,PROGRESS RAIL LOCOMOTIVE INC.,9,"4,536.00","4,921.00",LEX,SO
YT443085-800,23-OCT-20,15.0,PROGRESS RAIL LOCOMOTIVE INC.,9,"4,536.00","73,815.00",LEX,SO
YT443085-800,10-NOV-20,1.0,PROGRESS RAIL MANUFACTURING,9,"4,928.00","4,928.00",LEX,SO
YT443085-800,20-NOV-20,15.0,PROGRESS RAIL LOCOMOTIVE INC.,9,"4,536.00","73,815.00",LEX,SO
YT443085-800,02-DEC-20,1.0,PROGRESS RAIL MANUFACTURING,9,"4,928.00","4,928.00",LEX,SO
YT443085-800,22-DEC-20,15.0,PROGRESS RAIL LOCOMOTIVE INC.,9,"4,536.00","73,815.00",LEX,SO
YT445255-800,28-AUG-20,2.0,PROGRESS RAIL LOCOMOTIVE INC.,9,"7,204.24","15,190.48",LEX,SO
YT445255-800,04-SEP-20,6.0,PROGRESS RAIL SERVICES CORP,9,"7,204.24","45,571.44",LEX,SO
YT445255-800,13-NOV-20,2.0,PROGRESS RAIL SERVICES CORP,9,"7,204.24","15,190.48",LEX,SO
YT445256-800,28-AUG-20,2.0,PROGRESS RAIL LOCOMOTIVE INC.,9,"7,162.24","15,106.48",LEX,SO
YT445256-800,04-SEP-20,6.0,PROGRESS RAIL SERVICES CORP,9,"7,162.00","45,318.00",LEX,SO
YT445256-800,13-NOV-20,4.0,PROGRESS RAIL SERVICES CORP,9,"7,162.00","30,212.00",LEX,SO
YT445516,21-AUG-20,1.0,CATERPILLAR INC,4,"46,710.00","52,661.00",LEX,SO
YT445516,21-AUG-20,1.0,CATERPILLAR INC,4,"46,710.00","52,661.00",LEX,SO
YT445516,24-AUG-20,1.0,CATERPILLAR INC,4,"46,710.00","52,661.00",LEX,SO
YT445516,02-SEP-20,1.0,CATERPILLAR INC,4,"46,710.00","52,661.00",LEX,SO
YT445516,04-SEP-20,1.0,CATERPILLAR INC,4,"46,710.00","52,661.00",LEX,SO
YT445516,10-NOV-20,1.0,CATERPILLAR INC,4,"46,710.00","52,661.00",LEX,SO
YT445516,14-DEC-20,1.0,CATERPILLAR INC,4,"46,710.00","52,661.00",LEX,SO
YT445516,15-DEC-20,1.0,CATERPILLAR INC,4,"46,710.00","52,661.00",LEX,SO
YT446385,18-SEP-20,5.0,VOLVO CONSTRUCTION EQUIPMENT HAULERS LIMITED,5,"2,024.00","10,120.00",LEX,SO
YT446399,18-SEP-20,1.0,C H BULL CO,1,"1,450.80","1,450.80",LEX,SO
YT446565,02-OCT-20,1.0,PROGRESS RAIL LOCOMOTIVE INC.,7,592.00,618.00,LEX,SO
YT446565,27-OCT-20,4.0,PROGRESS RAIL LOCOMOTIVE INC.,7,592.00,"2,472.00",LEX,SO
YT446565,30-OCT-20,2.0,PROGRESS RAIL LOCOMOTIVE INC.,7,592.00,"1,236.00",LEX,SO
YT446565,30-OCT-20,2.0,PROGRESS RAIL LOCOMOTIVE INC.,7,592.00,"1,236.00",LEX,SO
YT446565,30-OCT-20,2.0,PROGRESS RAIL LOCOMOTIVE INC.,7,592.00,"1,236.00",LEX,SO
YT446565,30-OCT-20,1.0,PROGRESS RAIL LOCOMOTIVE INC.,7,592.00,618.00,LEX,SO
YT446565,30-OCT-20,1.0,PROGRESS RAIL LOCOMOTIVE INC.,7,592.00,618.00,LEX,SO
YT446565,10-NOV-20,3.0,PROGRESS RAIL LOCOMOTIVE INC.,7,592.00,"1,854.00",LEX,SO
YT446565,18-NOV-20,3.0,PROGRESS RAIL LOCOMOTIVE INC.,7,592.00,"1,854.00",LEX,SO
YT446565,20-NOV-20,1.0,PROGRESS RAIL LOCOMOTIVE INC.,7,592.00,618.00,LEX,SO
YT446565,20-NOV-20,3.0,PROGRESS RAIL LOCOMOTIVE INC.,7,592.00,"1,854.00",LEX,SO
YT446580,15-SEP-20,6.0,MOTIVE POWER-BOISE,T,848.00,"5,088.00",LEX,SO
YT446580,03-DEC-20,5.0,MOTIVE POWER-BOISE,T,848.00,"4,240.00",LEX,SO
YT446581,21-AUG-20,9.0,AWC MANUFACTURING INC.,T,584.00,"5,256.00",LEX,SO
YT446584,13-AUG-20,1.0,KOHLER CO,4,"63,528.00","63,528.00",LEX,SO
YT446584,14-AUG-20,1.0,KOHLER CO,4,"63,528.00","63,528.00",LEX,SO
YT446584,18-AUG-20,2.0,KOHLER CO,4,"63,528.00","127,056.00",LEX,SO
YT446584,11-SEP-20,2.0,KOHLER CO,4,"63,528.00","127,056.00",LEX,SO
YT446584,18-SEP-20,2.0,KOHLER CO,4,"63,528.00","127,056.00",LEX,SO
YT446584,30-SEP-20,4.0,KOHLER CO,4,"63,528.00","254,112.00",LEX,SO
YT446584,02-OCT-20,2.0,KOHLER CO,4,"63,528.00","127,056.00",LEX,SO
YT446599-AB,28-AUG-20,1.0,YOUNG TOUCHSTONE (LEX),IP,0.00,0.00,LEX,SO
YT446682-AL,28-AUG-20,2.0,YOUNG TOUCHSTONE (LEX),PHANTOM,0.00,0.00,LEX,SO
YT446936,25-SEP-20,6.0,DISTRIBUTED POWER - WAUKESHA GAS ENGINES,10,"11,504.00","69,024.00",LEX,SO
YT446936,09-NOV-20,11.0,DISTRIBUTED POWER - WAUKESHA GAS ENGINES,10,"12,333.00","135,663.00",LEX,SO
YT447825,28-AUG-20,4.0,BEARWARD ENGINEERING LTD,5,"31,969.00","127,876.00",LEX,SO
YT447825,04-SEP-20,4.0,BEARWARD ENGINEERING LTD,5,"31,969.00","127,876.00",LEX,SO
YT447825,11-SEP-20,4.0,BEARWARD ENGINEERING LTD,5,"31,969.00","127,876.00",LEX,SO
YT447825,18-SEP-20,4.0,BEARWARD ENGINEERING LTD,5,"31,969.00","127,876.00",LEX,SO
YT447825,25-SEP-20,4.0,BEARWARD ENGINEERING LTD,5,"31,969.00","127,876.00",LEX,SO
YT448212,30-OCT-20,1.0,KOHLER CO,5,"43,853.00","43,853.00",LEX,SO
YT448212,09-NOV-20,2.0,KOHLER CO,5,"43,853.00","87,706.00",LEX,SO
YT448212,20-NOV-20,5.0,KOHLER CO,5,"43,853.00","219,265.00",LEX,SO
YT448279,27-AUG-20,1.0,DEHN ENGINEERING SALES CO,4,"6,877.66","6,877.66",LEX,SO
YT448281,05-AUG-20,4.0,DEHN ENGINEERING SALES CO,4,"64,479.13","257,916.52",LEX,SO
YT448315,13-NOV-20,1.0,YOUNG TOUCHSTONE,4,0.00,0.00,LEX,SO
YT448795,09-OCT-20,1.0,KOHLER CO,4,"63,470.00","63,470.00",LEX,SO
YT448795,26-OCT-20,3.0,KOHLER CO,4,"63,470.00","190,410.00",LEX,SO
YT448795,30-OCT-20,1.0,KOHLER CO,4,"63,470.00","63,470.00",LEX,SO
YT448795,12-NOV-20,1.0,KOHLER CO,4,"63,470.00","63,470.00",LEX,SO
YT448902,24-AUG-20,2.0,TOROMONT CAT,4,"14,640.00","29,280.00",LEX,SO
YT448902,20-NOV-20,2.0,TOROMONT CAT,4,"14,640.00","29,280.00",LEX,SO
YT448905,28-AUG-20,4.0,DEHN ENGINEERING SALES CO,4,"21,585.92","86,343.68",LEX,SO
YT448906,30-SEP-20,1.0,KOHLER CO,4,"18,442.00","18,442.00",LEX,SO
YT448907,30-SEP-20,1.0,KOHLER CO,10,"4,406.00","4,406.00",LEX,SO
YT448908,24-SEP-20,1.0,CATERPILLAR INC,5,"78,919.00","86,278.00",LEX,SO
YT448910,21-AUG-20,1.0,DEHN ENGINEERING SALES CO,4,"30,144.40","30,144.40",LEX,SO
YT448911,30-SEP-20,1.0,PRO DYNE CORP,3,"9,027.20","9,027.20",LEX,SO
YT449138,13-NOV-20,2.0,YOUNG TOUCHSTONE,GM,0.00,0.00,LEX,SO
YT50692-82.50-816,15-SEP-20,6.0,"WABTEC TRANSPORTATION SYSTEMS, LLC",1,20.00,120.00,LEX,SO
YT50972-246.00,28-AUG-20,2.0,YOUNG TOUCHSTONE (LEX),DU,0.00,0.00,LEX,SO
YTEXPCRT,28-AUG-20,2.0,C H BULL CO,IP,775.62,"1,551.24",LEX,SO
YTEXPCRT,04-SEP-20,2.0,LUREYE ELECTROMECANICA SA,IP,"1,450.00","2,900.00",LEX,SO
YTEXPCRT,08-SEP-20,1.0,PRO DYNE CORP,IP,239.94,239.94,LEX,SO
YTEXPCRT,18-SEP-20,2.0,C H BULL CO,IP,775.62,"1,551.24",LEX,SO
YTEXPCRT,30-SEP-20,1.0,PRO DYNE CORP,IP,"1,026.72","1,026.72",LEX,SO
YTM06950,18-SEP-20,25.0,"WABTEC TRANSPORTATION SYSTEMS, LLC",FS,3.00,75.00,LEX,SO
YTNAFTA,24-AUG-20,1.0,TOROMONT CAT,PHANTOM,50.00,50.00,LEX,SO
YTNAFTA,20-NOV-20,1.0,TOROMONT CAT,PHANTOM,50.00,50.00,LEX,SO
YTPHOTO,30-SEP-20,2.0,PRO DYNE CORP,PHANTOM,20.00,40.00,LEX,SO
,,,,,,,LEX,SO
,,,,,,,LEX,SO
,,,,,,,LEX,SO
,,,,,,,LEX,SO
,,,,,,,LEX,SO
